family,dataset_id,model,selector,folds,test_accuracy_mean,test_accuracy_std,test_macro_f1_mean,test_macro_f1_std,test_balanced_accuracy_mean,test_balanced_accuracy_std,validation_accuracy_mean,validation_accuracy_std,best_epoch_mean,best_epoch_std,development_feature_selection_seconds_mean,development_feature_selection_seconds_std,final_feature_selection_seconds_mean,final_feature_selection_seconds_std,development_training_seconds_mean,development_training_seconds_std,final_training_seconds_mean,final_training_seconds_std,test_inference_seconds_mean,test_inference_seconds_std
bert,20ng,bert_bilstm_attention,df,5,0.5143504068566181,0.04413986024521839,0.5008591974893372,0.045639370043561125,0.5083048340548341,0.044700118370403955,0.5255684716302862,0.052276397596365695,9.8,6.220932405998316,0.15031683999113737,0.009873943672430188,0.17613739998778327,0.02377809967655778,367.3053298799903,153.04139800530297,273.0804846799932,173.65526827196734,1.60674684002297,0.01911089361359456
bert,20ng,bert_bilstm_attention,dfs,5,0.6311855215162104,0.03906112098497345,0.6261254728039692,0.03935417213125412,0.6296605339105339,0.03882708921616075,0.6259040947974148,0.051432114169191696,8.6,2.4083189157584592,0.200400939991232,0.021161419025425527,0.22393748000031338,0.025737108769879263,205.07707965999143,32.52666065625598,144.7224657399929,43.68224535522309,0.8859163400018588,0.052591823345498556
bert,20ng,bert_bilstm_attention,ig,5,0.6029525291431778,0.026668066271986462,0.598492890155246,0.02572452383252829,0.6003279220779221,0.023438280633254704,0.6037825473518394,0.06042745363608868,9.8,3.420526275297414,0.2582535200053826,0.012263833186108623,0.28485345997614786,0.013350409045537668,355.23522202001186,79.35512939965545,262.5186746999854,90.31143083631049,1.5467478799982928,0.06719304734033392
bert,20ng,bert_bilstm_attention,none,5,0.6916463280871362,0.04497210530416516,0.6899920068360942,0.03911113358408912,0.6883852813852813,0.043857307596145034,0.7245887490154689,0.04835486349928103,11.4,1.949358868961793,0.014346820011269301,0.002246874261011211,0.01276565999723971,0.0004888804525213009,421.1687137000263,49.52102317919255,329.15248888001076,55.82023783533467,1.6335259400075302,0.04040834785610245
bert,20ng,bert_cls,df,5,0.5070816264061424,0.041852772741635104,0.5000849993064937,0.04416977140512778,0.5024191919191919,0.04535620312255829,0.5050411646623012,0.03711440953235688,18.2,4.381780460041329,0.15031683999113737,0.009873943672430188,0.17613739998778327,0.02377809967655778,471.63416027999483,85.84765817085655,416.41707745998866,100.38461650050951,1.3544462600140832,0.06055629274043998
bert,20ng,bert_cls,dfs,5,0.6059168941152463,0.03734400142782017,0.6063452639674495,0.03784974361256338,0.6057709235209235,0.03645598657559281,0.6054634630905817,0.05768704134144752,14.8,3.5637059362410923,0.200400939991232,0.021161419025425527,0.22393748000031338,0.025737108769879263,247.34802546002902,42.32210355834892,205.1676543000038,48.92541726144118,0.7149481399916112,0.03851287157917898
bert,20ng,bert_cls,ig,5,0.6078508022345228,0.01701250823494694,0.6002668159817577,0.02024935831656694,0.6057647907647907,0.018356308431937866,0.5987270179692912,0.05450722137933035,14.6,5.594640292279746,0.2582535200053826,0.012263833186108623,0.28485345997614786,0.013350409045537668,388.6697801399976,108.09503624111085,322.4023655399913,121.93750806046467,1.3610396000090987,0.028494335301110223
bert,20ng,bert_cls,none,5,0.6905447542279928,0.031588268899399384,0.6856500382996951,0.028746096404096106,0.6885948773448773,0.02921273115256973,0.6888221781541821,0.04062977904114093,11.8,3.1144823004794873,0.014346820011269301,0.002246874261011211,0.01276565999723971,0.0004888804525213009,355.18648585998454,67.12406387518327,279.959252559999,73.9748039997896,1.3785782599938101,0.04949757417513458
bert,20ng,bert_cnn,df,5,0.5071576154886106,0.04051454701922956,0.491286474598185,0.038658343821148314,0.5048823953823953,0.03678066388062061,0.5374620947901108,0.038358909908273967,11.0,3.9370039370059056,0.15031683999113737,0.009873943672430188,0.17613739998778327,0.02377809967655778,340.68043273999353,83.0376415086486,261.4895297800191,94.27718633553273,1.420518000004813,0.01874613039153036
bert,20ng,bert_cnn,dfs,5,0.6190688722801826,0.025802189120018488,0.616501419848688,0.022607186127980534,0.6178921356421356,0.027016626809007148,0.629279438850725,0.06141226348505657,9.4,3.5777087639996634,0.200400939991232,0.021161419025425527,0.22393748000031338,0.025737108769879263,192.10841415999457,46.276153725214485,138.29240163998912,50.533740968411486,0.7478573000058532,0.0473240553088182
bert,20ng,bert_cnn,ig,5,0.6149165880162233,0.023539474427574227,0.610776647598832,0.032887860671524854,0.6124981962481962,0.025026709629308887,0.6192246216174432,0.066062623312482,9.4,4.827007354458868,0.2582535200053826,0.012263833186108623,0.28485345997614786,0.013350409045537668,296.65969175999055,98.97231496668027,216.30946686000098,107.99227228856128,1.3900897599989548,0.03452622550253844
bert,20ng,bert_cnn,none,5,0.706620743310461,0.053537771309656285,0.6975579319732031,0.056061716788291506,0.7058196248196248,0.05289891134120817,0.7312971951057694,0.04024860865814672,9.6,2.073644135332772,0.014346820011269301,0.002246874261011211,0.01276565999723971,0.0004888804525213009,322.83369324000085,44.892777993444085,239.1139748799964,52.168653189048676,1.4363569800043479,0.01916426592245025
bert,20ng,bert_mean,df,5,0.5202742647246384,0.030098592903294814,0.5106963687324975,0.03022406546536274,0.5151926406926407,0.03347916676275382,0.5356662612893919,0.045363979196092655,9.8,4.207136793592526,0.15031683999113737,0.009873943672430188,0.17613739998778327,0.02377809967655778,302.6488918600022,86.16338029155035,224.4457656999817,96.11197336516562,1.3764355199993588,0.03641274387342206
bert,20ng,bert_mean,dfs,5,0.6341142514603474,0.02094001513899886,0.6258276095556891,0.026692464418500806,0.6334927849927849,0.020108674771014513,0.6207611597442106,0.07007666578229207,7.0,2.9154759474226504,0.200400939991232,0.021161419025425527,0.22393748000031338,0.025737108769879263,148.81838369999315,34.45299040155688,96.40427311999956,40.6714221259158,0.7238996799918823,0.048998577236682536
bert,20ng,bert_mean,ig,5,0.6200483126291355,0.01894650473085298,0.6159432431544963,0.01670043650570552,0.6184909812409812,0.01780107821491449,0.6293371412015479,0.06420350881406593,9.6,3.286335345030997,0.2582535200053826,0.012263833186108623,0.28485345997614786,0.013350409045537668,290.1328764599981,67.19905975652642,212.55594692000886,74.5120739302778,1.3526684399927036,0.05261346319063212
bert,20ng,bert_mean,none,5,0.6926003367089254,0.03723545880156701,0.6889646154732757,0.03150326009406701,0.692826479076479,0.034857372957758787,0.7211412161561713,0.056329392383558795,9.2,3.1937438845342623,0.014346820011269301,0.002246874261011211,0.01276565999723971,0.0004888804525213009,299.3265605600085,63.14281201112931,217.78449074000818,72.57802914415706,1.3708223399939015,0.04556065507593316
classic,20ng,fasttext_cnn,df,5,0.4527321378465934,0.02097390422408113,0.4383765491755438,0.016737733054095472,0.4462215007215007,0.02058154483936975,0.48957036095620343,0.05693863921884458,69.4,29.441467354736243,0.11990933999986737,0.03067300476765827,0.12856503999937557,0.01999890611531028,18.7668685800003,6.545553649215953,15.679785300000367,7.1440043883941895,0.008045340000535361,0.0012917807189473326
classic,20ng,fasttext_cnn,dfs,5,0.6090234931000178,0.03058406111825714,0.6059824535928319,0.031204756489791288,0.6081911976911977,0.03329510951591653,0.5901937654679429,0.06228741336124043,46.0,10.653637876331258,0.15680165999947349,0.011430377849200719,0.17337339999867254,0.019457900017137437,12.164228100001491,1.4941937914585697,8.648440020000999,1.6678236649666018,0.007127359999867622,0.00019965973129792712
classic,20ng,fasttext_cnn,ig,5,0.5505677116547203,0.03191514757930046,0.5415980970676995,0.026517452167569608,0.5463214285714286,0.031057667665444905,0.5526166311809383,0.03788560154620729,55.4,15.274161188098022,0.18339470000137226,0.010617322900602081,0.20084532000037142,0.01772148593272358,15.601299419999851,3.2740397582369467,11.943336699999055,3.4276706906645926,0.007408059999579564,0.0001693634782778134
classic,20ng,fasttext_cnn,none,5,0.5514301966686223,0.014881106063250965,0.5409750683274756,0.012428875695974683,0.5462453102453102,0.012413811060874401,0.550935715442196,0.0383575365303123,68.6,29.610808837314796,0.010352220000640955,0.001538564179208064,0.013446179998572916,0.0027952397274074847,20.410510300000897,6.6436871806226065,16.734528740000677,7.295298273038433,0.007390800000575837,0.0009052929170832801
classic,20ng,fasttext_lstm,df,5,0.18652495982450323,0.044382772154380384,0.17706112498600907,0.04408581217442177,0.18240800865800866,0.042198931522516095,0.21767931857662665,0.027160907866427258,50.2,18.088670487352022,0.11990933999986737,0.03067300476765827,0.12856503999937557,0.01999890611531028,44.605368299999824,10.968142131134075,33.36346554000047,12.047853892223896,0.025772119999601273,0.0030247303470718597
classic,20ng,fasttext_lstm,dfs,5,0.48592964824120605,0.02306910161634077,0.48279614875200466,0.020937687984008087,0.48425937950937953,0.024257935591883887,0.5101259104250131,0.05863988982465466,51.0,25.64176280991617,0.15680165999947349,0.011430377849200719,0.17337339999867254,0.019457900017137437,37.41334549999883,12.310378853121758,28.361163540000415,13.551394227607886,0.025306679998902838,0.004148220024099063
classic,20ng,fasttext_lstm,ig,5,0.2327469836492105,0.053456949646188516,0.22509606587461195,0.04545736422057504,0.23386075036075035,0.04715115144925182,0.2908241088699713,0.016442494272825386,45.6,21.605554841290235,0.18339470000137226,0.010617322900602081,0.20084532000037142,0.01772148593272358,42.95368552000218,14.387764066398748,30.487677980000445,15.055822868611395,0.02779772000067169,0.0041190475769168795
classic,20ng,fasttext_lstm,none,5,0.17451947555034053,0.02637672349889884,0.15715960090264142,0.035996412940014114,0.16977886002886003,0.030265558633138227,0.2228949293754877,0.03656846344040988,28.2,15.658863304850707,0.009862200000497978,0.0012309969396658378,0.012656459998106584,0.002311356903766123,34.399511119999076,12.209916044491266,20.686763159999828,13.088276705682665,0.03147190000017872,0.005595882264879201
gcn,20ng,fasttext_residual_word_gcn,df,5,0.3509929597224702,0.039005372021700145,0.3294975058624841,0.0353774681361793,0.345518759018759,0.03705882053208684,0.3826267230055864,0.0360515254041845,121.4,34.760609891082176,0.11274042000295595,0.022233419693316516,0.12046989999944344,0.011968269001810587,1.156714639987331,0.2662968023100817,0.5371386200073175,0.14251976130896502,0.0012646200135350226,6.535644759971344e-05
gcn,20ng,fasttext_residual_word_gcn,dfs,5,0.5554403999693901,0.03163424144217128,0.5447595527569207,0.035606936764676266,0.5536443001443002,0.0316089754706092,0.57486733937382,0.034848621306557734,78.6,36.57594838141589,0.15046527999220416,0.01855121172012887,0.16766735998680815,0.017476376565417027,0.72570938001154,0.25049081214733626,0.31889072000049057,0.14859049580044947,0.0010351200005970895,0.00017014395301361926
gcn,20ng,fasttext_residual_word_gcn,ig,5,0.4344321352957682,0.050949758995864215,0.4149947072029588,0.05181655193694346,0.42971645021645016,0.05339715481790054,0.4522800341344708,0.04807972424943861,137.4,46.209306421975214,0.19151364000281318,0.03288649235624575,0.21907157999230548,0.03463041055760225,1.1674523200024851,0.35648977798206766,0.5759420600021258,0.2046483397708802,0.0010580400004982949,2.5009967373172117e-05
gcn,20ng,fasttext_residual_word_gcn,none,5,0.48493390811927656,0.039206148617898035,0.470957954681199,0.04175543627492581,0.4832272727272727,0.03446836948285866,0.5354366692352734,0.05510577129257806,86.6,24.2755020545405,0.012037139991298318,0.0022533675571137723,0.015034780034329741,0.0067973588776998025,3.01605974000413,0.8466202434950834,1.6324251599959099,0.5284858803893533,0.007653219997882843,0.0008658023885420624
classic,20ng,fasttext_wa,df,5,0.47597548656990535,0.04546966916580339,0.4537571880309533,0.051196189794923075,0.465794733044733,0.04729903283350981,0.46763592007859206,0.034493359993092575,116.4,34.435446853496764,0.11990933999986737,0.03067300476765827,0.12856503999937557,0.01999890611531028,9.065523880000546,2.50268308645838,7.914271119999467,2.5138985333789,0.004624239999975544,0.001839777771608286
classic,20ng,fasttext_wa,dfs,5,0.6310839476570671,0.04080942701583998,0.6228535747579539,0.03577413878553437,0.6258989898989898,0.04070641882396707,0.6241220173423563,0.07535382889733293,50.0,21.470910553583888,0.15680165999947349,0.011430377849200719,0.17337339999867254,0.019457900017137437,4.258929820001503,1.0792561561370142,2.978976259999763,1.1927882663981426,0.0032796600004076026,0.0007915523063353362
classic,20ng,fasttext_wa,ig,5,0.5716641073387241,0.0344058144656597,0.5571607758350391,0.03651647512747206,0.5632150072150072,0.03450594089140386,0.5916878181085559,0.03984460304606385,91.2,27.91415411578864,0.18339470000137226,0.010617322900602081,0.20084532000037142,0.01772148593272358,6.880720400000428,1.8576283681267085,5.9439051199995445,2.003747022925021,0.0034220199995615985,0.0008502511629047535
classic,20ng,fasttext_wa,none,5,0.6462660765757723,0.020800838322267652,0.6385785491810096,0.01837917007247117,0.640541847041847,0.022616699620773367,0.6649904985897009,0.03611635363486687,93.4,37.380476187443094,0.010352220000640955,0.001538564179208064,0.013446179998572916,0.0027952397274074847,8.436079040000914,2.3410242220348536,7.326610920001258,2.574595564213478,0.0034437999995134303,0.00027405132743111524
classic,20ng,random_cnn,df,5,0.43348391704716477,0.023885144246305917,0.41714877284594154,0.02753534289558751,0.4217943722943723,0.026355234960483656,0.44043035727980895,0.048591222279223904,55.4,16.742162345408076,0.11990933999986737,0.03067300476765827,0.12856503999937557,0.01999890611531028,15.88142286000002,3.1872038384652295,11.939632559999882,3.3706537697065397,0.007761060000484576,0.0009606978662823515
classic,20ng,random_cnn,dfs,5,0.5585829400811162,0.039104706387869975,0.5435961416572637,0.039483410715232585,0.5517474747474747,0.03921238809416131,0.5681733797386839,0.04929070861720324,50.0,19.06567596493762,0.15680165999947349,0.011430377849200719,0.17337339999867254,0.019457900017137437,13.360058139999456,2.8386527411542266,9.547024260000034,3.2177249839358435,0.0071559999996679835,0.00025292893283751717
classic,20ng,random_cnn,ig,5,0.4920415784506288,0.037544657562363255,0.46819314387158323,0.0400141216901687,0.48073304473304473,0.042222485691067804,0.5169352747617952,0.03325484668764195,60.0,15.795568998931314,0.18339470000137226,0.010617322900602081,0.20084532000037142,0.01772148593272358,16.63084564000019,3.927524185132154,13.179830239999864,4.256226676105934,0.007706879999750527,0.0010921350378957858
classic,20ng,random_cnn,none,5,0.4567374690712446,0.05202907609180294,0.4339638584311276,0.05094458688936204,0.4415523088023088,0.05540688887102987,0.496681019213422,0.048768570389706424,62.2,26.957373759326035,0.010352220000640955,0.001538564179208064,0.013446179998572916,0.0027952397274074847,18.489025740000216,5.1707647177822516,14.83499534000075,5.924682682336366,0.008035919999383623,0.0007525893422251497
classic,20ng,random_lstm,df,5,0.1661587123434431,0.03867938152382308,0.157449915006666,0.042665403490849026,0.16017604617604617,0.038393432703582905,0.22101217714378232,0.02680616171578218,38.6,16.501515081955354,0.11990933999986737,0.03067300476765827,0.12856503999937557,0.01999890611531028,38.5671179399993,10.762125174386167,25.360922640000354,10.240218012356879,0.027144540000153938,0.004029138272807868
classic,20ng,random_lstm,dfs,5,0.45875223834910595,0.0154298497932322,0.45009150171645856,0.01033393753711312,0.4523903318903319,0.02098601294534021,0.48468696474678524,0.028499686719904643,51.6,29.347913043349436,0.15680165999947349,0.011430377849200719,0.17337339999867254,0.019457900017137437,37.437611699997795,13.198549895261586,27.518596219999743,13.92766490150259,0.02320373999973526,0.005647719530941065
classic,20ng,random_lstm,ig,5,0.21075200877483866,0.03840444411682486,0.1970625307874571,0.037352617965645804,0.204502886002886,0.03731679094297077,0.24844854934585742,0.04246259910460814,34.6,26.14000765110829,0.18339470000137226,0.010617322900602081,0.20084532000037142,0.01772148593272358,34.62410985999959,14.118611835376297,23.28245409999945,16.20230394270308,0.027069340000889498,0.002539449603408328
classic,20ng,random_lstm,none,5,0.14408851363416064,0.01942174546604688,0.12956121508700053,0.028835082507366803,0.1379621212121212,0.02119398216180279,0.168395180758092,0.032356392906902016,15.4,11.414902540100814,0.010352220000640955,0.001538564179208064,0.013446179998572916,0.0027952397274074847,26.103492180000465,8.609955100428712,11.397125139999844,8.634089207181553,0.029576860000088346,0.003032165774915539
classic,20ng,random_wa,df,5,0.43257498150651735,0.03074996689548522,0.4167609347097367,0.03182405956376731,0.42461363636363636,0.03160298512774919,0.42353720279941615,0.028774282271538863,154.0,43.2145808726638,0.11990933999986737,0.03067300476765827,0.12856503999937557,0.01999890611531028,10.30407320000013,1.2272456432753884,10.144006960000842,1.6297471823655814,0.0058217199999489825,0.002237015744493876
classic,20ng,random_wa,dfs,5,0.5705313113792312,0.019015094700184344,0.5637303949955856,0.022951314889244408,0.5664170274170274,0.019688748133837124,0.5901792790127786,0.062363691490350974,69.0,28.310775333784132,0.15680165999947349,0.011430377849200719,0.17337339999867254,0.019457900017137437,5.2176843200009895,1.4570938360388659,4.06271682000006,1.4416830930432663,0.003114819999609608,0.00086364367375386
classic,20ng,random_wa,ig,5,0.535400198964365,0.03298504394258756,0.5223474440305709,0.029700850256586617,0.5280151515151515,0.03003687693776338,0.5119649598213906,0.04582147295265656,135.8,39.06020993287159,0.18339470000137226,0.010617322900602081,0.20084532000037142,0.01772148593272358,8.882648520000657,1.8244205643475044,8.770730059999915,2.8394076254817553,0.003563340000255266,0.0008062843843648096
classic,20ng,random_wa,none,5,0.5848057291533811,0.031029339908823603,0.5735639531786922,0.02868166119193637,0.5769101731601731,0.029125204699624003,0.5883404730862358,0.05952325239481917,139.8,46.42951647389837,0.010352220000640955,0.001538564179208064,0.013446179998572916,0.0027952397274074847,11.601141899998765,3.1847040346016993,10.830840879999595,3.7604016124161603,0.0036057800003618467,0.00045736733283490463
bert,ag_news,bert_bilstm_attention,df,5,0.7999830745768645,0.0238718857442632,0.7962292445356738,0.024869229396891877,0.8005364948939798,0.023641545678461485,0.8152892561983471,0.04233641426623551,3.8,3.2710854467592254,0.013938499987125397,0.002088103847911523,0.016208519961219282,0.00562256435347698,95.08389772005611,25.559434160738686,43.10279130000854,36.701827363146265,0.40492575999815017,0.017856255750363897
bert,ag_news,bert_bilstm_attention,dfs,5,0.8009777994449861,0.02275465960248464,0.799286685578803,0.023828997632309938,0.7992286093402706,0.023238543971966813,0.8136776859504132,0.0283087425479079,8.0,3.7416573867739413,0.016577740001957865,0.0024526289616034038,0.01908180002355948,0.006629351450744322,130.0030665599974,39.62066512680866,89.1664250599919,42.91467180114724,0.3589878399856389,0.014815216276794283
bert,ag_news,bert_bilstm_attention,ig,5,0.8120080002000051,0.027207728939050563,0.8086064843515229,0.028713431851872383,0.8094771013934643,0.027952238850774434,0.8153168044077135,0.029616991679545825,8.0,5.244044240850758,0.01985753996996209,0.001315646079127202,0.020758519985247404,0.0009158468548316261,124.46483671999303,48.74793359943807,90.14825514002004,57.16748687125625,0.3762830600142479,0.00869493365765046
bert,ag_news,bert_bilstm_attention,none,5,0.854958448961224,0.03089260617131885,0.8529778748462219,0.031603981539955806,0.854655647457873,0.029049568312631373,0.8702479338842976,0.01586819305179161,4.4,1.140175425099138,0.0022461199667304756,0.0010327169714393826,0.0016390800010412931,0.0002354810960936534,104.76451733997092,13.34849527305552,55.14600274001714,13.431516200481878,0.5267973799724132,0.032634287845266716
bert,ag_news,bert_cls,df,5,0.7970080502012551,0.011864309632957022,0.7943646201137259,0.011458234606009459,0.7962987569467408,0.0109519022491848,0.8053030303030303,0.04034046450174704,9.2,2.9495762407505253,0.013938499987125397,0.002088103847911523,0.016208519961219282,0.00562256435347698,126.16134524000809,29.13296869762293,93.42813311996869,32.40451315894927,0.33828894001198934,0.013331256600719373
bert,ag_news,bert_cls,dfs,5,0.7859776994424861,0.033061417285787764,0.7838583492836712,0.03352482401656996,0.7841070471310989,0.03318190282900668,0.8119834710743802,0.026704673115590934,8.6,2.701851217221259,0.016577740001957865,0.0024526289616034038,0.01908180002355948,0.006629351450744322,118.1123260999797,27.207132354199892,87.36010111996438,32.52709175919071,0.28653157998342066,0.008579708088908771
bert,ag_news,bert_cls,ig,5,0.8079830245756144,0.037955626480519096,0.8055597886567535,0.03851427036504522,0.8059943212181336,0.03806847637541091,0.806969696969697,0.018287257402011377,8.8,5.403702434442518,0.01985753996996209,0.001315646079127202,0.020758519985247404,0.0009158468548316261,116.63461376002525,44.50876922315991,84.65956577999751,51.13726233084265,0.29893265998689456,0.00898094094419149
bert,ag_news,bert_cls,none,5,0.8629883997099927,0.026692472909409723,0.8609133943390084,0.028018712990774654,0.8613157458528847,0.028035077426002548,0.8502479338842975,0.005918579075853958,7.4,4.277849927241488,0.0022858199663460255,0.0010126463143032148,0.0016455200035125016,0.0002315233588738664,117.26742693997221,42.11616809030518,79.0081115799956,46.426508333106675,0.44860355998389423,0.02493633938921958
bert,ag_news,bert_cnn,df,5,0.7930278506962674,0.02379920378420195,0.7890328713412816,0.024749886970730973,0.7908903143980143,0.025062108972738622,0.811969696969697,0.033188390106072836,3.2,1.3038404810405297,0.013938499987125397,0.002088103847911523,0.016208519961219282,0.00562256435347698,79.94739441998536,8.612234373905615,33.957320980005896,13.705117374679428,0.362406859989278,0.019389137403138926
bert,ag_news,bert_cnn,dfs,5,0.8079778994474862,0.0243833907271863,0.8052076448130747,0.025054135178879573,0.8054841210375846,0.025042799244882015,0.8103168044077135,0.023845885415364736,9.8,5.761944116355173,0.016577740001957865,0.0024526289616034038,0.01908180002355948,0.006629351450744322,143.26452539999735,58.56008769906515,110.65823843999533,72.01344396847178,0.32639168001478536,0.021697062561457068
bert,ag_news,bert_cnn,ig,5,0.8060080002000051,0.017331489174936026,0.8038815989044804,0.017783838284548437,0.8041627047745021,0.017484070373497983,0.8136501377410468,0.02795110001931118,6.2,5.805170109479997,0.01985753996996209,0.001315646079127202,0.020758519985247404,0.0009158468548316261,102.9612598199863,51.909524695666825,64.64909424000652,61.33114107114926,0.3312828399706632,0.009576542142790079
bert,ag_news,bert_cnn,none,5,0.8569683992099802,0.026385055376168975,0.8551842700619893,0.027015227882150016,0.8563191112636616,0.025290662869443654,0.8552479338842975,0.007263865228427007,5.4,4.159326868617084,0.0022461199667304756,0.0010327169714393826,0.0016390800010412931,0.0002354810960936534,107.53065075996565,41.761408108507084,62.53325923999073,50.15107766487167,0.4686211400083266,0.022244382176661092
bert,ag_news,bert_mean,df,5,0.8059880997024926,0.007751348118401249,0.8048356055167085,0.009029622846624166,0.8049142280693676,0.00808178774578496,0.815275482093664,0.036692493072551555,5.6,2.3021728866442674,0.013938499987125397,0.002088103847911523,0.016208519961219282,0.00562256435347698,92.40152526001911,21.51494744306601,55.43308747997507,23.97648689121782,0.33204464002046735,0.0162904436269385
bert,ag_news,bert_mean,dfs,5,0.8019729743243581,0.02227058152169479,0.8000750531427236,0.02282964754941561,0.8005598441753418,0.022002567545736894,0.8053305785123966,0.017176300255597698,4.8,0.8366600265340756,0.016577740001957865,0.0024526289616034038,0.01908180002355948,0.006629351450744322,86.0862070199917,8.599187148448214,47.862601020000874,7.63729988896627,0.3024493999662809,0.018604768988084882
bert,ag_news,bert_mean,ig,5,0.8139979999499988,0.029463028260030485,0.8122855932118838,0.028969200087929258,0.8124233224920225,0.02870890798202285,0.821969696969697,0.021653948375691602,7.0,1.4142135623730951,0.01985753996996209,0.001315646079127202,0.020758519985247404,0.0009158468548316261,101.10906557998388,12.941823356740546,68.01924979999895,14.281385243703468,0.30983300000661984,0.012552489770337774
bert,ag_news,bert_mean,none,5,0.8559882997074927,0.026179627218299806,0.8539787105526389,0.0281543574156353,0.855643308315997,0.025399510491437946,0.856900826446281,0.007061227292153225,5.2,2.4899799195977463,0.0022461199667304756,0.0010327169714393826,0.0016390800010412931,0.0002354810960936534,98.56508612000616,20.858575022866926,55.76827546000713,26.443957308515728,0.4440047000302002,0.017797259473250268
classic,ag_news,fasttext_cnn,df,5,0.7780079501987549,0.03909269381211964,0.7764787326349354,0.04011592051127222,0.7773822824796325,0.04050522221388466,0.7836501377410469,0.03258786226975456,12.0,3.9370039370059056,0.015583039999910397,0.0014214468354869655,0.014805299999716226,0.0020968289549416763,4.891771740000695,0.47721505552696186,1.6692009200007305,0.45065878785561425,0.005269800001406111,0.0004448984550545873
classic,ag_news,fasttext_cnn,dfs,5,0.7709074476861921,0.06098584516439838,0.7692383873666532,0.06166041251964313,0.7693498631929824,0.06108379221969613,0.8085812672176309,0.02810734230098597,17.0,7.483314773547883,0.016920499999832826,0.0025918671090342793,0.01726417999889236,0.0016727310346449158,5.361741500001517,0.9399453807917595,2.402120419999119,1.0262341085867643,0.004544160000659758,0.00013167662389163706
classic,ag_news,fasttext_cnn,ig,5,0.788972774319358,0.0351114488300006,0.7875184700122697,0.035848459390385265,0.7879072140063597,0.03541616867156986,0.8003443526170799,0.019374295476560215,11.8,3.898717737923586,0.022739639999781503,0.006227816977846326,0.024684399999387097,0.004788468359046746,4.761554519999481,0.8055278256920253,1.6655976200010627,0.5717152957204226,0.005566779999935534,0.0009002740601216022
classic,ag_news,fasttext_cnn,none,5,0.8049479486987174,0.04274896031708096,0.8026707809802963,0.043662225881482844,0.8036668494480977,0.043122346352074056,0.8202892561983471,0.023360237903056875,17.4,11.282730166054668,0.002236539999285014,0.0006361109205841311,0.002188780000869883,0.0007147242551994366,5.7448408199998084,1.7359748189422952,2.621674420000636,1.7566313608489545,0.004721840000274824,0.000847423350867445
classic,ag_news,fasttext_lstm,df,5,0.7100222255556389,0.024429846300163763,0.7069992859305059,0.026843628106858874,0.7089317960159229,0.02650390282464877,0.7437190082644628,0.025048115632619185,20.0,18.3166590840142,0.015583039999910397,0.0014214468354869655,0.014805299999716226,0.0020968289549416763,12.250280019999627,4.942925148263753,5.8701383399995395,5.476264616304127,0.0101691399984702,0.0012932817062055444
classic,ag_news,fasttext_lstm,dfs,5,0.7229522238055951,0.033944949462744685,0.7182743661843795,0.03862847739887341,0.721965625231093,0.03361037565512408,0.7636501377410468,0.03517856179437118,28.6,4.774934554525329,0.016920499999832826,0.0025918671090342793,0.01726417999889236,0.0016727310346449158,11.118352399999276,1.1761852438832479,6.211165779999282,1.0024918804704093,0.009268100000190316,0.001020903954446295
classic,ag_news,fasttext_lstm,ig,5,0.7289969499237481,0.049813875020593194,0.7240420254611408,0.05141955240363927,0.7268255923304353,0.049144200603066505,0.7703443526170799,0.04046357476305281,25.6,16.501515081955354,0.022739639999781503,0.006227816977846326,0.024684399999387097,0.004788468359046746,11.248831100000098,3.0041011140741736,6.080994400000054,3.7068143890515586,0.010612300000502728,0.0014994821131859336
classic,ag_news,fasttext_lstm,none,5,0.7520073501837546,0.025767050057019916,0.7496719888696132,0.027689522446822153,0.7494919429666124,0.027047611036087056,0.763732782369146,0.02533057476739787,20.4,16.68232597691341,0.002236539999285014,0.0006361109205841311,0.002188780000869883,0.0007147242551994366,14.133679140000458,5.494109605547226,6.668141899999318,5.43648752116408,0.013769740000134334,0.0022302508644906206
gcn,ag_news,fasttext_residual_word_gcn,df,5,0.7659524238105953,0.03775064330528429,0.7643003319127274,0.03673047138818421,0.7642823045250264,0.03722333103441719,0.7786225895316804,0.047720231116066436,47.0,27.53179979587241,0.013226660003419965,0.0008311992823670398,0.014177039999049157,0.0016115283319330486,0.49497952000238,0.18989428647281797,0.1865465399925597,0.10784826714171791,0.000860260019544512,0.0001527954728836572
gcn,ag_news,fasttext_residual_word_gcn,dfs,5,0.765937498437461,0.03785912112113271,0.7620770140157264,0.040043218251764635,0.7632960954537653,0.03790400946628193,0.8036501377410468,0.016381415358540936,34.8,26.612027356065905,0.015705540007911623,0.0010454647105460197,0.016353959997650235,0.001032221264044646,0.3985036199912429,0.176310906629575,0.138171039998997,0.10214063352299023,0.0010650200070813297,0.00022214402746714232
gcn,ag_news,fasttext_residual_word_gcn,ig,5,0.7719376984424611,0.0389615745901335,0.7688690121546726,0.04018959812197163,0.7694204461262196,0.040095224861239266,0.8036914600550964,0.03123764544922686,47.8,36.67015134956495,0.020110579987522213,0.0013481408765980078,0.02017222000285983,0.0009886325577347758,0.49096955999266356,0.2517951258193627,0.1881109199952334,0.1414590416446573,0.0009593399940058589,0.0001903435244478478
gcn,ag_news,fasttext_residual_word_gcn,none,5,0.7999929248231206,0.014257104173353952,0.7972383656734207,0.01447318102413424,0.7983904964818063,0.01545721097327813,0.8302479338842975,0.02761709706449595,52.4,46.2201254866319,0.0026784000219777226,0.0014962156906173731,0.0033533000154420734,0.0014163515128975833,0.6705995599855669,0.3962020621875146,0.27194070001132786,0.23514997681221905,0.001848760002758354,0.00019243873611868642
classic,ag_news,fasttext_wa,df,5,0.7539924248106202,0.023911625437348986,0.7509863094025776,0.0248797523497605,0.7527299941537848,0.023800991177635504,0.7504132231404959,0.032821374981985375,28.4,11.414902540100814,0.015583039999910397,0.0014214468354869655,0.014805299999716226,0.0020968289549416763,2.628704700000526,0.4108063953283565,1.443808820000413,0.4403090925592107,0.003912339999806136,0.0004141182609363832
classic,ag_news,fasttext_wa,dfs,5,0.7789976999424986,0.039124328036105195,0.7749435019227839,0.041573079442423555,0.7762608577053536,0.04032499122312242,0.8003581267217631,0.017269027969288673,34.2,6.760177512462228,0.016920499999832826,0.0025918671090342793,0.01726417999889236,0.0016727310346449158,2.9641663200003676,0.6724414253862888,1.8108115600007295,0.5155050170437251,0.0029320800000277813,0.0006157416801594259
classic,ag_news,fasttext_wa,ig,5,0.7760225755643891,0.04245042813904306,0.773036522315992,0.043235013421997495,0.7734247373040157,0.04305127258914664,0.7903581267217631,0.015862438005949664,32.2,2.7748873851023217,0.022739639999781503,0.006227816977846326,0.024684399999387097,0.004788468359046746,2.7061937199992827,0.12559481182932666,1.5934893799989367,0.20868285672692916,0.002846539999882225,0.0007903444074288118
classic,ag_news,fasttext_wa,none,5,0.7930228755718893,0.022791948484419372,0.7891869207508663,0.02436823402584025,0.7905425273788446,0.023701502048472357,0.7903994490358127,0.020843524816362816,32.4,5.549774770204643,0.002236539999285014,0.0006361109205841311,0.002188780000869883,0.0007147242551994366,2.8703650800001923,0.36511144597873435,1.6987412000002222,0.3572164463848176,0.0031094199999643023,0.0009583981465832018
classic,ag_news,random_cnn,df,5,0.6829316732918322,0.04433507409017766,0.6797195341874506,0.044304246231201,0.6815938212899905,0.04518002520790118,0.7120661157024794,0.030598841057488214,44.4,32.377461296401854,0.015583039999910397,0.0014214468354869655,0.014805299999716226,0.0020968289549416763,9.072738540000136,3.8851805970751103,6.461350740000489,4.826896476156961,0.00680736000140314,0.0017882834256401341
classic,ag_news,random_cnn,dfs,5,0.6859316732918322,0.04770860766038767,0.6823774873924172,0.05053636983555115,0.6838717488276176,0.048794003840714126,0.7237741046831956,0.03320042858817686,43.8,16.769019053003667,0.016920499999832826,0.0025918671090342793,0.01726417999889236,0.0016727310346449158,9.099845939999796,1.9910380633856821,6.210597759999655,2.137644108026157,0.0063555400003679095,0.00034403452983733607
classic,ag_news,random_cnn,ig,5,0.7039819245481137,0.021638750586786142,0.6983878522916405,0.022370980529115965,0.7010759756830933,0.021853076438945542,0.6904545454545454,0.04392829013304361,41.2,25.97498796919837,0.022739639999781503,0.006227816977846326,0.024684399999387097,0.004788468359046746,8.777718720000848,4.077186350433807,5.803784040000755,3.7214806515169014,0.0068664800004626155,0.0012368398747259822
classic,ag_news,random_cnn,none,5,0.6839916747918698,0.019643884063273106,0.6798123633793102,0.018640204330527127,0.6830791485454923,0.017882814834433953,0.7154820936639118,0.0349613192510245,31.4,19.3597520645281,0.002236539999285014,0.0006361109205841311,0.002188780000869883,0.0007147242551994366,7.784540660000493,3.0897122617781982,4.827778340000077,3.1324643732416173,0.008364819999405882,0.004050270719847405
classic,ag_news,random_lstm,df,5,0.6129009725243131,0.03979994747954303,0.6090547550343371,0.041503468953889705,0.6109297051916903,0.041454866104378485,0.6356198347107438,0.010221578309154367,37.6,15.773395322504284,0.015583039999910397,0.0014214468354869655,0.014805299999716226,0.0020968289549416763,15.662080820000119,4.164865765213817,10.708174960000907,4.676513597949909,0.01243739999990794,0.0021135258214039472
classic,ag_news,random_lstm,dfs,5,0.6559213730343258,0.0477315205621742,0.6535363039599954,0.0495177493248451,0.654184053924708,0.04851404452600245,0.6854545454545454,0.033715951433758516,33.6,18.822858443923973,0.016920499999832826,0.0025918671090342793,0.01726417999889236,0.0016727310346449158,12.01646852000049,3.558761177830491,8.074883099999715,4.4543115596492155,0.008495300000504358,0.0009591918429219544
classic,ag_news,random_lstm,ig,5,0.6280062501562539,0.04999836251042351,0.6205002630642457,0.050716766758694104,0.6251605386052521,0.05047979802233164,0.6538567493112948,0.02620036933156418,20.0,14.017845768876187,0.022739639999781503,0.006227816977846326,0.024684399999387097,0.004788468359046746,9.821898719999444,3.0436347495063822,5.321466639999562,3.507329669179232,0.010449480000534094,0.001773916514007982
classic,ag_news,random_lstm,none,5,0.5589703742593565,0.03742565420674234,0.5552086404557749,0.03708374060512238,0.5575226328060577,0.03728717279532275,0.5923553719008264,0.04275864037319138,24.2,24.580480060405655,0.002236539999285014,0.0006361109205841311,0.002188780000869883,0.0007147242551994366,15.639857199999096,8.036602450268164,8.458549759999732,8.530340896686655,0.012062759999389527,0.0006986232568860152
classic,ag_news,random_wa,df,5,0.7120421260531513,0.0397020972898558,0.7084948558522751,0.04015008167845517,0.7096085065919914,0.040113573128355076,0.7187741046831956,0.03380089233340046,57.8,19.677398201998148,0.015583039999910397,0.0014214468354869655,0.014805299999716226,0.0020968289549416763,3.9763023599989538,0.8672104311408063,2.959475320000638,0.9699378482416641,0.004837579999002628,0.0010638098696358661
classic,ag_news,random_wa,dfs,5,0.755987349683742,0.04228673851621641,0.753105289142705,0.04387214161617296,0.7541840790397139,0.042817452357210094,0.7753856749311295,0.011471604955404714,70.6,28.840943119114534,0.016920499999832826,0.0025918671090342793,0.01726417999889236,0.0016727310346449158,4.577812619999167,1.400496634418099,3.667917199999647,1.7000169744615723,0.003279479999036994,0.0011983520377789778
classic,ag_news,random_wa,ig,5,0.7479923248081202,0.04457618305146677,0.7443405003210682,0.04568216872223459,0.7454595578642756,0.04509485311919266,0.748732782369146,0.011350752358849655,59.0,22.271057451320086,0.022739639999781503,0.006227816977846326,0.024684399999387097,0.004788468359046746,4.165754200000083,1.1006763109637094,3.0173505400001885,1.0599502775174015,0.0028102199990826192,0.0007818090125247747
classic,ag_news,random_wa,none,5,0.7579726743168579,0.033497224287578446,0.7558687070883471,0.03450918106424699,0.7560013889993484,0.034484248875881154,0.7620936639118457,0.014447437061453721,55.8,24.67184630302321,0.002236539999285014,0.0006361109205841311,0.002188780000869883,0.0007147242551994366,3.9162161399995967,1.2041043795800586,2.9037270799999533,1.3081894566334948,0.0031901800000923687,0.0007724266969105344
bert,amazon_cells,bert_bilstm_attention,df,5,0.8666742418445095,0.021014831718778732,0.8664527545239777,0.020903344018674233,0.8667017109874253,0.020905212016747502,0.8672268907563025,0.018218053267797324,5.4,2.9664793948382653,0.0043889000080525875,0.00022080708578055733,0.004437219980172813,0.0003376017186936637,115.23221489998977,26.65826789239263,69.05092607997358,36.18234541351343,0.3771827799966559,0.027074826825069075
bert,amazon_cells,bert_bilstm_attention,dfs,5,0.8425436416559545,0.038485951126681406,0.8422537494746116,0.03847260486313771,0.8425390641104926,0.03837334818760022,0.8638655462184874,0.02331838138741448,6.2,2.588435821108957,0.006179900001734495,0.00242020253391395,0.0052324800286442045,0.0008341900080450209,132.17931946001482,30.88002019971815,83.43323950001505,35.36857618170278,0.36910575998481365,0.026955961051067463
bert,amazon_cells,bert_bilstm_attention,ig,5,0.8424773459668748,0.027175454043631347,0.8424028558370795,0.02716754165214584,0.8425091733663163,0.027119751604152885,0.8521008403361344,0.025626807868868746,4.2,1.9235384061671346,0.007108839973807335,0.0015802085353960786,0.006703000003471971,0.0008840959899147639,107.24632637999021,14.10964654596268,54.36771390005015,25.618612183522053,0.3644240800058469,0.02553301213786767
bert,amazon_cells,bert_bilstm_attention,none,5,0.9363267138131307,0.015132222123999468,0.9362537401474892,0.01515080567969756,0.9363009688723974,0.015074959473450297,0.9428571428571428,0.01616418828711876,7.4,2.792848008753788,0.0008345600217580795,0.00042848359063801247,0.0006896399892866612,0.00040723261259793277,137.6934292800026,32.6446180869542,96.40604011996183,39.39879846868679,0.3870996800251305,0.02843222304068173
bert,amazon_cells,bert_cls,df,5,0.8647050563281464,0.02718981170303629,0.8645062550229768,0.027411625339662075,0.8648142650999794,0.02713988436209858,0.8789915966386554,0.021913285395639182,7.8,6.3796551630946325,0.0043889000080525875,0.00022080708578055733,0.004437219980172813,0.0003376017186936637,125.70613669999875,53.00792628829121,85.36766362001654,68.85640996202412,0.3064147800207138,0.02337669134063361
bert,amazon_cells,bert_cls,dfs,5,0.8444668350211293,0.026228300122840935,0.8441632750542687,0.026149106091913392,0.8444491857349,0.026226991556428207,0.8605042016806723,0.02023797408200384,8.6,4.61519230368573,0.006179900001734495,0.00242020253391395,0.0052324800286442045,0.0008341900080450209,134.83116665997076,46.93978011808717,97.9887729199836,51.70094912999879,0.30839500001166015,0.016881768064678254
bert,amazon_cells,bert_cls,ig,5,0.8505683573484507,0.016265332413419716,0.8504913784458281,0.01631659943999687,0.8505297876726448,0.01628335846336139,0.8571428571428571,0.02142445173778482,5.8,2.7748873851023217,0.007108839973807335,0.0015802085353960786,0.006703000003471971,0.0008840959899147639,110.25011855999473,29.509631917437332,65.793155879993,34.35840247355505,0.275386460009031,0.00675028893658134
bert,amazon_cells,bert_cls,none,5,0.9312608780455629,0.023454068538323505,0.9311482974022014,0.02357246818893079,0.9312187177901463,0.02348138219829319,0.9378151260504202,0.017425580969182963,6.4,2.792848008753788,0.0008345600217580795,0.00042848359063801247,0.0006896399892866612,0.00040723261259793277,110.3701576600084,30.683602874172955,70.61010785996913,32.59695077323091,0.32061310005374255,0.021411141115021837
bert,amazon_cells,bert_cnn,df,5,0.8616236337303602,0.015342399779694534,0.8613025311484492,0.015331831365338515,0.861834879406308,0.01540812393687166,0.880672268907563,0.021751561521924017,4.0,3.082207001484488,0.0043889000080525875,0.00022080708578055733,0.004437219980172813,0.0003376017186936637,103.50898112000432,21.325601910739977,47.66028734000865,37.56932098251883,0.3245792000321671,0.025487496757831324
bert,amazon_cells,bert_cnn,dfs,5,0.8404417616977881,0.024074654564532335,0.8402517870824423,0.02400357389218264,0.8403471449185735,0.024037580338143585,0.8773109243697479,0.02191328539563917,6.0,4.06201920231798,0.006179900001734495,0.00242020253391395,0.0052324800286442045,0.0008341900080450209,118.49563116002828,34.58026982213457,75.02137035995256,50.98321411343416,0.3520867599872872,0.017596238725876172
bert,amazon_cells,bert_cnn,ig,5,0.8354166876014694,0.02984301896291971,0.8351105610800927,0.030005049898497657,0.8354687693259122,0.029742157329711978,0.8605042016806723,0.022704632077489583,4.6,2.3021728866442674,0.007108839973807335,0.0015802085353960786,0.006703000003471971,0.0008840959899147639,110.63102432000451,19.11598455063588,56.66965277998243,29.546088125152256,0.3186659400118515,0.0229488486349015
bert,amazon_cells,bert_cnn,none,5,0.9434537709312599,0.01996244350150835,0.9434215519838371,0.01995743800417089,0.9434021851164709,0.019958407533109467,0.946218487394958,0.016381166966065477,7.8,3.1937438845342623,0.0008345600217580795,0.00042848359063801247,0.0006896399892866612,0.00040723261259793277,135.76122932001016,42.97674862026718,93.55475118001922,39.40618869159495,0.34254255997948346,0.021903654958647687
bert,amazon_cells,bert_mean,df,5,0.8717808908151484,0.017504011390938656,0.8714087271776653,0.017800175963071627,0.8718833230261802,0.017299962163119444,0.8739495798319328,0.015721249524260277,4.8,2.280350850198276,0.0043889000080525875,0.00022080708578055733,0.004437219980172813,0.0003376017186936637,95.56119707999751,20.900479103990314,55.62852718001231,28.98232666919471,0.30464114001952114,0.021455418988807644
bert,amazon_cells,bert_mean,dfs,5,0.8475024200631934,0.025410103691415362,0.8474376991925765,0.02537576561143461,0.8474386724386724,0.02537434593798216,0.8689075630252101,0.017425580969182983,6.8,4.868264577855234,0.006179900001734495,0.00242020253391395,0.0052324800286442045,0.0008341900080450209,120.2836169600021,44.552091686540024,75.70771198002622,54.60476713388315,0.30469472003169357,0.024436661265143402
bert,amazon_cells,bert_mean,ig,5,0.847476937577185,0.02323794173223451,0.8473590132471871,0.02326512700269083,0.8474287775716347,0.02319433509507398,0.8554621848739495,0.01095664269781959,6.4,3.2093613071762426,0.007108839973807335,0.0015802085353960786,0.006703000003471971,0.0008840959899147639,109.33074954000767,26.03948059368262,70.41683465999085,35.665217165079824,0.29312320007011294,0.03331395048238638
bert,amazon_cells,bert_mean,none,5,0.9404029582357771,0.017254745889563643,0.9403736573833762,0.017288583924605472,0.9404122861265718,0.01722401352819918,0.9327731092436975,0.017826221374450755,6.4,2.1908902300206643,0.0008345600217580795,0.00042848359063801247,0.0006896399892866612,0.00040723261259793277,109.01748198000715,16.647412512134785,70.54742881997954,19.15430626784135,0.32834437999408694,0.016467354114126854
classic,amazon_cells,fasttext_cnn,df,5,0.821269939916472,0.03170665901831432,0.8208616458044301,0.03191346937919766,0.8213061224489796,0.03165463062282139,0.8084033613445378,0.024786354964290137,15.8,9.731392500562292,0.0035608599995612168,0.0004622675033585068,0.004113800000050105,0.0012372839244810258,5.3634176999999905,1.2294015059135912,2.429800320000504,1.5339787655994386,0.006537199999729637,0.001558599730332969
classic,amazon_cells,fasttext_cnn,dfs,5,0.813168416043196,0.029045321868981334,0.812948960506455,0.029102093731678186,0.8130921459492888,0.029016617342551503,0.8168067226890756,0.02874391827981022,12.2,8.07465169527454,0.004737220001698006,0.0021238794728888504,0.005043219999060966,0.0012447637053174339,4.463301120001415,0.9314719673397839,1.632744360002107,1.0338966490443433,0.0074772799998754635,0.0033314851196955503
classic,amazon_cells,fasttext_cnn,ig,5,0.8232289221320673,0.03379454966862624,0.822703685798586,0.03435984595020247,0.8231426509997939,0.03387562539893157,0.8084033613445378,0.01916261218654014,7.6,3.361547262794322,0.004677019998780452,0.000373579637446361,0.005960959999356419,0.0017234523610532163,3.984899919999589,0.3230786218130931,0.9964669200009666,0.4319075958202981,0.003923379999469035,0.0007503188155472963
classic,amazon_cells,fasttext_cnn,none,5,0.8263051657817364,0.022089524974772734,0.8257027989242116,0.022176134537620507,0.8262133580705009,0.021962177969983204,0.8067226890756303,0.02723000293448683,12.8,8.012490249604053,0.0008206999998947139,0.00019536196146645923,0.0006917600003362168,0.00016874466814925505,5.069934080001258,0.9831473591421117,1.8668301199999404,1.1202612888551624,0.005777279999892926,0.0009338772107501633
classic,amazon_cells,fasttext_lstm,df,5,0.8121685183338628,0.030735986032199254,0.8113254413276538,0.03127284481810812,0.8122352092352092,0.030618100428559485,0.8168067226890756,0.02935167932197138,16.8,12.557866060760482,0.0035608599995612168,0.0004622675033585068,0.004113800000050105,0.0012372839244810258,7.796407419999014,2.4656277527295796,3.8505999999993947,3.1651351763512086,0.008652219999930821,0.0018658493144275829
classic,amazon_cells,fasttext_lstm,dfs,5,0.8251981591802524,0.042405819966026964,0.8248613360755838,0.042830608633786516,0.8251638837353124,0.04250391930153299,0.8285714285714285,0.011274292323528369,11.0,2.449489742783178,0.004737220001698006,0.0021238794728888504,0.005043219999060966,0.0012447637053174339,5.879289580001204,0.17586188829018257,2.062438480000128,0.4943177453169322,0.008399780001491308,0.0015677961002413916
classic,amazon_cells,fasttext_lstm,ig,5,0.8161120167828838,0.017980096853381273,0.8152299785992335,0.019461362903236874,0.8159488765203051,0.018197591007501145,0.8235294117647058,0.015721249524260246,10.8,6.260990336999411,0.004677019998780452,0.000373579637446361,0.005960959999356419,0.0017234523610532163,5.882207379999454,1.3094932240186619,1.9095796600027826,0.9398411523568442,0.007995579998532776,0.0020740597921848707
classic,amazon_cells,fasttext_lstm,none,5,0.8192599411970378,0.04311006099064162,0.81874509141694,0.043685268637230185,0.8192459286745001,0.04314915479674627,0.8151260504201681,0.0428489034755696,15.8,12.153188881935474,0.0008206999998947139,0.00019536196146645923,0.0006917600003362168,0.00016874466814925505,7.831949479999457,2.2246041885542445,3.590387019998161,2.8403500152628625,0.012161119999655056,0.0027840010689702743
gcn,amazon_cells,fasttext_residual_word_gcn,df,5,0.7930577102298654,0.03307357262819862,0.7907968283513191,0.03482126858278581,0.793121830550402,0.032740227357236515,0.8117647058823529,0.03177759731292274,77.4,43.695537529592194,0.0038885400164872406,0.0008177791791124828,0.003611240000464022,0.000840280533477708,0.677121359994635,0.28222578195400083,0.3043963999953121,0.17274233043043133,0.0010704200016334654,0.00034979668507287694
gcn,amazon_cells,fasttext_residual_word_gcn,dfs,5,0.8212596335520602,0.02699817654336364,0.8211505947334482,0.027050762546034737,0.8213168418882705,0.026954846791251177,0.8168067226890756,0.027488112997976676,39.4,5.727128425310541,0.004394399980083108,0.0006547072809833817,0.0045229199924506245,0.00102062245605607,0.43718214000109584,0.042520030530383536,0.15497712001670153,0.020929349933010728,0.000975319987628609,0.00024966821020074953
gcn,amazon_cells,fasttext_residual_word_gcn,ig,5,0.8222187695901442,0.03268396027912955,0.8219747153256212,0.03278552566135647,0.8221640898783756,0.03260599192193523,0.8252100840336134,0.0353540907024582,41.2,7.8230428862431785,0.00449015999911353,0.0003195471481015571,0.004749720019754022,0.0006013940431556735,0.4522508000023663,0.04545385608841063,0.15944195998599753,0.029517790384520844,0.0010686399997211992,0.00019178492642051096
gcn,amazon_cells,fasttext_residual_word_gcn,none,5,0.7940066429671817,0.035064558412259826,0.793175933564052,0.03522021849609165,0.7940847247990105,0.034935341375748066,0.8067226890756303,0.02787079655760841,48.6,25.97691282658507,0.0010418200050480663,0.0009005620996172231,0.0005910599837079644,0.00017352923556688171,0.5090617599780671,0.1741075203370759,0.1885105399764143,0.10300494361301113,0.0010212199878878892,0.0002431230801446625
classic,amazon_cells,fasttext_wa,df,5,0.8182394307588807,0.03103039860742565,0.8178832700476235,0.031174563255619347,0.8182446918161204,0.031001158404057982,0.7983193277310924,0.04201680672268907,25.0,7.314369419163897,0.0035608599995612168,0.0004622675033585068,0.004113800000050105,0.0012372839244810258,2.39504600000073,0.298972563297803,1.250747539997974,0.348034817586683,0.0028089399995224083,0.0006637477299760745
classic,amazon_cells,fasttext_wa,dfs,5,0.814229533557136,0.030839248119334615,0.8140705075400524,0.030870783311851006,0.8141539888682746,0.030814162121362784,0.7932773109243697,0.02023797408200388,25.0,13.838352503098047,0.004737220001698006,0.0021238794728888504,0.005043219999060966,0.0012447637053174339,2.3104144799988715,0.5754422760016515,1.203819220000878,0.6445280652692909,0.0023927000002004206,0.0002755619351040468
classic,amazon_cells,fasttext_wa,ig,5,0.8152803447066641,0.042303017928183834,0.81476649141372,0.04279401425896245,0.8151541950113378,0.04239616746281048,0.7966386554621849,0.022548584647056714,17.8,7.918333157931661,0.004677019998780452,0.000373579637446361,0.005960959999356419,0.0017234523610532163,1.9615618400013772,0.43189840243191824,0.8819144399982178,0.3861691964540845,0.003137919999426231,0.0008518486761317321
classic,amazon_cells,fasttext_wa,none,5,0.8253153683095269,0.03331583613759972,0.8251010952348574,0.03345869256967712,0.8252752009894867,0.033319522655842926,0.8033613445378152,0.04470398681771559,18.4,12.856904759700136,0.0008206999998947139,0.00019536196146645923,0.0006917600003362168,0.00016874466814925505,2.1521462400000018,0.8000046808776932,0.9550636799984205,0.7144368548416787,0.00308141999921645,0.000644491823828529
classic,amazon_cells,random_cnn,df,5,0.776895836409139,0.03589599657368413,0.776608840038095,0.03611091161102938,0.7768913626056484,0.03589070830185719,0.7529411764705882,0.020237974082003854,25.6,11.058933040759403,0.0035608599995612168,0.0004622675033585068,0.004113800000050105,0.0012372839244810258,6.28247038000045,1.2524211997448012,3.492207860000781,1.5022973256962786,0.00578411999886157,0.0006824140322529117
classic,amazon_cells,random_cnn,dfs,5,0.7757633988534685,0.02586052522086798,0.7757391559149307,0.02585401313865113,0.7757790146361575,0.02585508577255295,0.7697478991596639,0.018410842269081202,22.4,12.421755109484328,0.004737220001698006,0.0021238794728888504,0.005043219999060966,0.0012447637053174339,5.538831700001902,1.2710885009909663,2.9912186799992924,1.6393016892793224,0.004962740000337362,0.0008683388185214172
classic,amazon_cells,random_cnn,ig,5,0.76870791943618,0.03412254862276089,0.7683432845427492,0.03378618055766788,0.7686357452071738,0.03406083381338274,0.788235294117647,0.03959401340971342,21.2,17.253985046939157,0.004677019998780452,0.000373579637446361,0.005960959999356419,0.0017234523610532163,5.662036159999843,2.170625108433375,2.9517081800004235,2.353898534304683,0.006210860000282992,0.0015906375085298719
classic,amazon_cells,random_cnn,none,5,0.7697791371872437,0.02696951751343099,0.7693062893772072,0.027014593175390022,0.7698701298701299,0.026822858054942035,0.7798319327731092,0.03110379079549873,25.4,14.621901381147392,0.0008206999998947139,0.00019536196146645923,0.0006917600003362168,0.00016874466814925505,6.354974380000203,1.7590227334720474,3.5188036399995326,2.044165385260129,0.00698217999888584,0.0018082381748436966
classic,amazon_cells,random_lstm,df,5,0.7716820785463492,0.033542086228858556,0.7715027806643366,0.0335053808731322,0.7716573902288189,0.03341158607566894,0.7697478991596639,0.014061513050992869,7.6,8.264381404557755,0.0035608599995612168,0.0004622675033585068,0.004113800000050105,0.0012372839244810258,6.5723093799999335,1.370093887207229,1.5652689399998052,1.6608856453250889,0.00911056000040844,0.0010919083198631461
classic,amazon_cells,random_lstm,dfs,5,0.8000011594659964,0.01905221030964686,0.7999369138398708,0.019101225948798945,0.7999719645433931,0.01905776224721965,0.7764705882352941,0.02023797408200387,11.8,10.56882207249228,0.004737220001698006,0.0021238794728888504,0.005043219999060966,0.0012447637053174339,6.2193965400016165,2.6459857631789143,2.1473494199992276,1.9320670497414578,0.008197519999521318,0.0010370436630413632
classic,amazon_cells,random_lstm,ig,5,0.7990164894100817,0.012543883019860086,0.7985756017871716,0.01262744676716724,0.7988697175840033,0.012472431015911997,0.8033613445378152,0.028866494180365843,11.8,6.058052492344384,0.004677019998780452,0.000373579637446361,0.005960959999356419,0.0017234523610532163,5.96198519999889,0.8947350445324908,2.1436121799997636,1.0272455804260738,0.009028620000754018,0.0016028070764959644
classic,amazon_cells,random_lstm,none,5,0.7748041597517403,0.018579835397048643,0.7747505735142527,0.018616004833454505,0.7748097299525871,0.018551658761825206,0.7747899159663866,0.025488656954795158,12.4,8.590692637965812,0.0008206999998947139,0.00019536196146645923,0.0006917600003362168,0.00016874466814925505,7.7764234600013875,1.501734248400205,2.669421560000046,1.872363312784101,0.009724320000532315,0.0018775475945317082
classic,amazon_cells,random_wa,df,5,0.8112093822957788,0.03773394325740721,0.8110348407925955,0.03780196076614042,0.8112150072150072,0.037659038794449,0.7781512605042017,0.019345990644069506,47.4,14.656056768449009,0.0035608599995612168,0.0004622675033585068,0.004113800000050105,0.0012372839244810258,3.416842839999299,0.9584881020188641,2.4229301400009717,0.8507801246762461,0.0022355399996740744,0.00021827368758013332
classic,amazon_cells,random_wa,dfs,5,0.8141121698323953,0.019086241722462385,0.8138925599501564,0.019109570768795655,0.8140420531849103,0.0190924961328748,0.7899159663865546,0.011884147582967183,42.6,18.420097719610503,0.004737220001698006,0.0021238794728888504,0.005043219999060966,0.0012447637053174339,3.1917576200008626,0.963710277677122,2.130018740000378,0.9161938501884255,0.0026784000016050412,0.0006167076770596432
classic,amazon_cells,random_wa,ig,5,0.8202748604325014,0.02950360372991049,0.8200598188546349,0.029533771040907233,0.8201834673263245,0.02946465047478232,0.7966386554621849,0.024063564812229203,45.2,15.023315213360865,0.004677019998780452,0.000373579637446361,0.005960959999356419,0.0017234523610532163,3.3756270400001087,0.9813718621801257,2.238930160000746,0.8178863409680468,0.003998839999258053,0.0025837307839162026
classic,amazon_cells,random_wa,none,5,0.8081280627616367,0.039772447150881955,0.8078753262955526,0.03991504267227506,0.8080723562152133,0.039756908539315204,0.7781512605042017,0.03064635719127813,41.0,15.049916943292411,0.0008206999998947139,0.00019536196146645923,0.0006917600003362168,0.00016874466814925505,3.113685919999989,0.8009576761849416,2.103598740000598,0.8506662610346245,0.0025377799996931572,0.0004720496915544488
bert,amazon_review_full,bert_bilstm_attention,df,5,0.4383665296177859,0.02268843126006058,0.4324851972974405,0.02966712788669857,0.43851282051282053,0.022621684976228202,0.5133333333333333,0.04510789534241452,6.2,3.1937438845342623,0.029382139991503207,0.007963279931797134,0.03098547999979928,0.004910607066381918,194.31393800001825,48.90449486643231,118.38989484000486,58.960018593777555,0.9608893799944781,0.06797189945461149
bert,amazon_review_full,bert_bilstm_attention,dfs,5,0.42320506573270394,0.02155249501822503,0.4151427016563361,0.023745143832151386,0.4227435897435898,0.022126920068459073,0.44166666666666665,0.03173238794109962,4.0,1.0,0.03528394001768902,0.0057745688864905284,0.037570019986014815,0.00441093400451539,109.79119013998425,14.041986344858923,55.97558769999305,14.248286476653085,0.5418128400109709,0.05762912917132626
bert,amazon_review_full,bert_bilstm_attention,ig,5,0.41815948429013755,0.04407537404190765,0.4073038917375758,0.05577022425286103,0.4178974358974359,0.044666250844424375,0.44333333333333336,0.021570298509241293,3.2,1.0954451150103321,0.04309401999926195,0.0038918479104875156,0.04669660000363365,0.0039815852572611405,114.16591198000825,16.751619049474037,49.174979399994484,17.9594502412197,0.6714844800066203,0.07261197528232781
bert,amazon_review_full,bert_bilstm_attention,none,5,0.4984873356682402,0.02903621181046892,0.49559124538205857,0.026644104841559924,0.4983333333333333,0.0290993164346265,0.555,0.03259601202601325,6.0,3.3166247903554,0.004121899988967925,0.0006234374030053603,0.0035969600081443786,0.0004513500147723172,223.99444139999105,69.75269647843268,136.96246481998824,75.49152092273533,1.2720683999941684,0.037934871045591914
bert,amazon_review_full,bert_cls,df,5,0.44921516674280493,0.04672010306071949,0.44586560389985763,0.042642414235941256,0.4493589743589743,0.046544906666794866,0.5016666666666667,0.058154487741226335,9.6,4.159326868617084,0.029382139991503207,0.007963279931797134,0.03098547999979928,0.004910607066381918,201.26035295999608,55.59469275823126,148.62739070000825,63.04789461524421,0.8111849399865605,0.05711917754398013
bert,amazon_review_full,bert_cls,dfs,5,0.397149484797726,0.01970494008891542,0.3948945822071238,0.018032636254222505,0.3971538461538462,0.019667351975490032,0.43333333333333335,0.022821773229381913,7.4,3.7815340802378072,0.03528394001768902,0.0057745688864905284,0.037570019986014815,0.00441093400451539,124.53072066000895,40.85720598119774,82.92944485999178,45.03571653202307,0.4234585199970752,0.03366104281117577
bert,amazon_review_full,bert_cls,ig,5,0.399069032028831,0.05213388488390707,0.394044380904102,0.0546199693449634,0.39897435897435896,0.05215719614584538,0.4483333333333333,0.027259045389660196,7.2,3.2710854467592254,0.04309401999926195,0.0038918479104875156,0.04669660000363365,0.0039815852572611405,133.61762098001782,33.071200666449556,88.98099947998999,38.62873447446547,0.5482076999964193,0.034779489681588296
bert,amazon_review_full,bert_cls,none,5,0.4964220090350744,0.03649514502164859,0.49218773072952926,0.03528291007675781,0.4961282051282051,0.03657661076376322,0.5633333333333334,0.026744677559802015,5.2,2.588435821108957,0.004121899988967925,0.0006234374030053603,0.0035969600081443786,0.0004513500147723172,172.93290599999017,46.94975058194186,99.46350185999181,51.035605033145536,1.084671299997717,0.07498878706199325
bert,amazon_review_full,bert_cnn,df,5,0.4673916044870819,0.025018762202871032,0.4643808776214105,0.018242860165851423,0.46699999999999997,0.025094266720153885,0.5216666666666667,0.05851163227180652,8.2,1.4832396974191326,0.029382139991503207,0.007963279931797134,0.03098547999979928,0.004910607066381918,193.63099038000217,22.914408906056643,133.04207077999598,25.193645177042303,0.822297399980016,0.04833968812149063
bert,amazon_review_full,bert_cnn,dfs,5,0.4092808994467286,0.033805839051208215,0.40609081949419135,0.03154492851851192,0.40923076923076923,0.0333430705699038,0.46499999999999997,0.021570298509241293,6.8,4.764451699828638,0.03528394001768902,0.0057745688864905284,0.037570019986014815,0.00441093400451539,128.45633519998518,49.30941773650664,80.7597374400124,56.302808423742384,0.4463158600148745,0.033630671859307695
bert,amazon_review_full,bert_cnn,ig,5,0.4202151159839602,0.018183536463233348,0.42141045813398753,0.015298340472545073,0.42033333333333334,0.018081377883529665,0.46166666666666667,0.038005847503304616,6.2,3.1144823004794873,0.04309401999926195,0.0038918479104875156,0.04669660000363365,0.0039815852572611405,131.25776675998932,36.2633721989264,81.40261332001538,40.723582615203895,0.5627649400150403,0.030771517033763813
bert,amazon_review_full,bert_cnn,none,5,0.502527790467489,0.02238265377498614,0.49799960361539825,0.014754861865217602,0.5019230769230769,0.02200240558242543,0.5566666666666666,0.05348935511960403,5.8,3.5637059362410923,0.004121899988967925,0.0006234374030053603,0.0035969600081443786,0.0004513500147723172,189.85318219999317,61.70717065990588,115.09858511999482,70.61859430267431,1.1588893000036478,0.16275311380467508
bert,amazon_review_full,bert_mean,df,5,0.46837652911019745,0.015681784910709238,0.46265277472425853,0.01049809600248575,0.4681794871794872,0.015662396077470855,0.5083333333333333,0.03726779962499651,4.4,2.1908902300206643,0.029382139991503207,0.007963279931797134,0.03098547999979928,0.004910607066381918,130.39456923999825,29.470924463207755,68.99359861999983,34.55775835655386,0.7975798200001009,0.044987511724856655
bert,amazon_review_full,bert_mean,dfs,5,0.4322957717882341,0.007918091521572796,0.4240160529365085,0.013016643698983777,0.4323589743589744,0.008124908334080586,0.47333333333333333,0.025954019170662417,4.6,1.140175425099138,0.03528394001768902,0.0057745688864905284,0.037570019986014815,0.00441093400451539,94.87268137999345,8.895882551359675,52.23513709999388,11.966386686877138,0.42973172001075,0.041606312058277556
bert,amazon_review_full,bert_mean,ig,5,0.40524526673772904,0.028002473608879735,0.40364645828037565,0.030336620075984845,0.4047948717948718,0.027962329078043045,0.435,0.018066236157232327,6.6,3.9115214431215892,0.04309401999926195,0.0038918479104875156,0.04669660000363365,0.0039815852572611405,125.0059776600101,38.89275253307538,82.07919148000656,47.343685858406175,0.548520140023902,0.02947054019308297
bert,amazon_review_full,bert_mean,none,5,0.5075074869295975,0.022237532597573644,0.5054842281371157,0.025915023645698657,0.5073589743589744,0.0224059507099997,0.5516666666666666,0.02527625148017183,8.4,3.9115214431215892,0.004121899988967925,0.0006234374030053603,0.0035969600081443786,0.0004513500147723172,224.76186278000242,63.79360535621912,158.94206104000332,73.20463390101006,1.0952378999907524,0.060869351074470196
classic,amazon_review_full,fasttext_cnn,df,5,0.3740284757118928,0.029813558583912228,0.36749159817983124,0.026780716615669338,0.3738461538461539,0.029999315135728594,0.39666666666666667,0.019184774055368913,17.8,2.04939015319192,0.021838480001315476,0.002623705582769032,0.025094839997473174,0.004738488596517827,6.966555699998571,0.20335983937508606,3.290801040000224,0.3395946580684879,0.007650979999743868,0.001147573556921678
classic,amazon_review_full,fasttext_cnn,dfs,5,0.36601837470179177,0.025632730327214987,0.3644455389418962,0.024194970678573582,0.3658205128205128,0.025908794158106888,0.4166666666666667,0.04370036867375631,13.4,4.03732584763727,0.02807189999730326,0.004574571545516253,0.029095120000420138,0.0040159912412066085,5.277971059999254,0.5476075730975026,2.0152475399998364,0.428844487216839,0.00570214000181295,0.0008654865199373201
classic,amazon_review_full,fasttext_cnn,ig,5,0.3600689305111416,0.025592447693087855,0.35659655814962415,0.022960037292777093,0.3598717948717949,0.02562355173823074,0.39166666666666666,0.0377307714089059,19.4,6.06630035524124,0.031495400001585946,0.003545409468249329,0.03547702000214485,0.0024207538454302188,6.568540779998875,0.8909711859906772,3.211371179998969,0.8378659044953054,0.00569159999868134,0.0009925878249151948
classic,amazon_review_full,fasttext_cnn,none,5,0.3300036038779757,0.03236629364924945,0.3218238124777202,0.03549218386028709,0.32971794871794874,0.032708442473969604,0.36333333333333334,0.022515426810177167,23.4,7.26636084983398,0.004721620002237614,0.0014763711023678342,0.004771000001346693,0.0013734925404906941,8.3101959800013,1.4644132585560832,4.403182819997892,1.385465338754499,0.00757002000027569,0.0015673727485470313
classic,amazon_review_full,fasttext_lstm,df,5,0.3329379726917415,0.03480684735586297,0.32717730311947946,0.03209577179125371,0.33287179487179486,0.03490319570395317,0.37166666666666665,0.041499665326629125,16.8,2.7748873851023217,0.021838480001315476,0.002623705582769032,0.025094839997473174,0.004738488596517827,21.033997760000055,1.7303233551064328,9.303947679998236,1.2852518313205752,0.0259968200000003,0.0028985950975114736
classic,amazon_review_full,fasttext_lstm,dfs,5,0.37706380386782395,0.03111847358677979,0.3693809787872477,0.03246896371616436,0.3771025641025641,0.031125422297777587,0.4,0.018633899812498245,13.8,10.47377677822093,0.02807189999730326,0.004574571545516253,0.029095120000420138,0.0040159912412066085,11.818426980001096,3.2496443617615416,4.723410040001909,3.4854575210954004,0.014684359999955631,0.004566964529424781
classic,amazon_review_full,fasttext_lstm,ig,5,0.3399882239480229,0.014202777202753931,0.3334946601409708,0.0153233155511337,0.33999999999999997,0.01417116183468754,0.38833333333333336,0.02738612787525831,9.8,1.9235384061671346,0.031495400001585946,0.003545409468249329,0.03547702000214485,0.0024207538454302188,13.19938465999876,1.269555833402935,4.155830140002945,0.9449841829517374,0.017903600000136067,0.0025890366258827548
classic,amazon_review_full,fasttext_lstm,none,5,0.32396309831988224,0.014970334500622105,0.3176843937908018,0.017788263537767173,0.3241538461538461,0.014714184723733597,0.34833333333333333,0.03405469456950425,19.6,16.816658407662327,0.004721620002237614,0.0014763711023678342,0.004771000001346693,0.0013734925404906941,25.686188360000962,9.658059021296005,12.634896359998674,10.973097677674783,0.024981119997391943,0.0032913284331937184
gcn,amazon_review_full,fasttext_residual_word_gcn,df,5,0.350963149078727,0.04231510284733418,0.3390197272845627,0.03889301725334491,0.3506923076923077,0.04247534768637259,0.41000000000000003,0.0319504825211347,65.8,16.783920876839236,0.020915660005994142,0.001997037263846791,0.021566000010352582,0.0020528621499248173,0.6245938200037926,0.11662225530811302,0.26216389999026435,0.06493014081769435,0.001066340005490929,0.00010615983168385495
gcn,amazon_review_full,fasttext_residual_word_gcn,dfs,5,0.3830686767169179,0.03006300137160225,0.38101773251409987,0.03138003973053022,0.38294871794871793,0.03040813760076635,0.43333333333333335,0.026352313834736484,76.0,23.03258561256204,0.025220240000635386,0.0013796337560004815,0.026475079997908324,0.0009582910197856272,0.6948882399825379,0.14828840242796298,0.3025255000102334,0.08595286958772642,0.0011134999920614063,0.0002289431693764132
gcn,amazon_review_full,fasttext_residual_word_gcn,ig,5,0.3670336023552104,0.027055769822086743,0.34927517256765755,0.024377248539046003,0.3667179487179487,0.027384117204726204,0.41333333333333333,0.048805168214487736,72.8,57.2162564311927,0.029951819987036287,0.0009178537851406729,0.03430151999928057,0.00183524200067845,0.6643668200122193,0.3734733705815867,0.28871197999687864,0.2277594726097176,0.0008405399974435567,0.00021497737652522702
gcn,amazon_review_full,fasttext_residual_word_gcn,none,5,0.36904893152631846,0.04164640948109104,0.36177771418519583,0.03967190849399338,0.3687692307692308,0.04174672781627573,0.42,0.018257418583505533,60.8,34.061708706405206,0.0036061600083485247,0.0006095074330873958,0.0034217999898828568,0.0001752656122192712,0.9736157400184311,0.381359801893589,0.4344794400036335,0.24466601879668806,0.002551000006496906,4.797249045523298e-05
classic,amazon_review_full,fasttext_wa,df,5,0.38610425866707276,0.02802631356228138,0.37771685383915615,0.028511875750482526,0.3858974358974359,0.028236433675647904,0.415,0.045414755311462364,23.8,3.03315017762062,0.021838480001315476,0.002623705582769032,0.025094839997473174,0.004738488596517827,2.715405080000346,0.2073777815545409,1.3993945000009262,0.2087384814283569,0.003385120003076736,0.0007443919811862068
classic,amazon_review_full,fasttext_wa,dfs,5,0.3711092330338561,0.017493065109051426,0.36618347015012026,0.029427628795303678,0.3711282051282051,0.017505376275692645,0.40499999999999997,0.047360907461276074,38.2,38.40833242930497,0.02807189999730326,0.004574571545516253,0.029095120000420138,0.0040159912412066085,3.1751193400006743,1.7492783094827138,2.0386943599980443,1.8787436124937158,0.004398939998645801,0.0007723748557840202
classic,amazon_review_full,fasttext_wa,ig,5,0.3891951169991371,0.02025601351161534,0.3898018606155734,0.021724732344292605,0.3890512820512821,0.020358110489971652,0.4033333333333333,0.04022506128715724,42.8,17.137677789012137,0.031495400001585946,0.003545409468249329,0.03547702000214485,0.0024207538454302188,3.44629067999922,0.8825862890539247,2.191984199998842,0.9254473047564665,0.004351020000467542,0.0003826693452787205
classic,amazon_review_full,fasttext_wa,none,5,0.3680838028526471,0.03734242516970308,0.3644781699700702,0.037604829378961147,0.36805128205128207,0.03714713446482863,0.4066666666666667,0.030276503540974904,24.6,13.258959235173778,0.004721620002237614,0.0014763711023678342,0.004771000001346693,0.0013734925404906941,2.9623848599992924,0.8179110484110846,1.5735540799985757,0.8491578257679374,0.0038992399990092964,0.0006402427551589743
classic,amazon_review_full,random_cnn,df,5,0.33601350185269785,0.017399756702206465,0.33065641957410663,0.016682009381484335,0.33615384615384614,0.017405705383053485,0.375,0.04208127057650866,28.0,11.726039399558575,0.021838480001315476,0.002623705582769032,0.025094839997473174,0.004738488596517827,8.51458263999957,2.0056700965082976,4.930224300002737,2.1164998943496296,0.007730020002054516,0.0005327998052702011
classic,amazon_review_full,random_cnn,dfs,5,0.34191254251053244,0.03248371966634745,0.3407170912349625,0.03569861473949757,0.34174358974358976,0.0326544023590293,0.41,0.03651483716701108,26.2,10.084641788382967,0.02807189999730326,0.004574571545516253,0.029095120000420138,0.0040159912412066085,7.138968420001038,1.4818936210315004,4.023410019998846,1.491171470008954,0.008504940001876094,0.001917804891915606
classic,amazon_review_full,random_cnn,ig,5,0.36505395665194657,0.03475914485919972,0.35476581260838846,0.03173900058100441,0.36487179487179483,0.03461301036491952,0.38333333333333336,0.037267799624996496,18.0,11.895377253370318,0.031495400001585946,0.003545409468249329,0.03547702000214485,0.0024207538454302188,6.11573073999898,1.698248229248312,2.956279159997939,2.013804369395671,0.007140339996840339,0.0011645758234820908
classic,amazon_review_full,random_cnn,none,5,0.3268672148621897,0.03686348317147411,0.31936112917273113,0.036976987520441346,0.32705128205128203,0.03663157276998752,0.395,0.03259601202601325,34.4,20.80384579831335,0.004721620002237614,0.0014763711023678342,0.004771000001346693,0.0013734925404906941,10.191643699997803,3.3114573856860714,6.414186359998712,3.689497247160296,0.007988620000833179,0.0013483738267800996
classic,amazon_review_full,random_lstm,df,5,0.24169082787675752,0.03933748189970607,0.23637392016548403,0.03442261426428338,0.24161538461538462,0.03939013633178598,0.31,0.02788866755113584,17.6,11.802542099056456,0.021838480001315476,0.002623705582769032,0.025094839997473174,0.004738488596517827,21.36736144000024,5.873720184758941,9.669925919998786,6.570549800741623,0.022161899998900482,0.003363566470031034
classic,amazon_review_full,random_lstm,dfs,5,0.33292771940510635,0.025752225235999238,0.33115233882476663,0.02686603111597637,0.33287179487179486,0.02582396279755226,0.375,0.030618621784789732,11.2,5.540758070878027,0.02807189999730326,0.004574571545516253,0.029095120000420138,0.0040159912412066085,11.77198478000064,1.4292232362738377,3.6893559800009825,1.80817203666435,0.014369620000070426,0.0018377768763644465
classic,amazon_review_full,random_lstm,ig,5,0.3139428962996802,0.01820873702571339,0.30878244742018646,0.02013754354760932,0.31402564102564107,0.018320912055365395,0.3716666666666667,0.034661057238475707,10.8,6.300793600809346,0.031495400001585946,0.003545409468249329,0.03547702000214485,0.0024207538454302188,13.729469779999636,2.093748242346068,4.46444024000084,2.4830117823371514,0.019064380000054372,0.005802878909368318
classic,amazon_review_full,random_lstm,none,5,0.261776610324349,0.025015949117693035,0.2561996231280668,0.029137322977999737,0.2615384615384615,0.025048768999740623,0.32166666666666666,0.028012893856619352,17.0,12.409673645990857,0.004721620002237614,0.0014763711023678342,0.004771000001346693,0.0013734925404906941,23.61523916000151,6.921817468542388,10.90941909999965,8.027793742408162,0.027582979999715464,0.00660449201009698
classic,amazon_review_full,random_wa,df,5,0.3530639053855134,0.02113911249970908,0.35017215414762254,0.019921181130285976,0.3527948717948718,0.0211358509317418,0.4116666666666667,0.026744677559802008,71.4,28.094483444263574,0.021838480001315476,0.002623705582769032,0.025094839997473174,0.004738488596517827,5.4891949799988655,1.5924549632822957,4.2500566200018515,1.599794460409646,0.003707419999409467,0.0015435280362182974
classic,amazon_review_full,random_wa,dfs,5,0.3570135018526978,0.022738572647141745,0.3550078112004864,0.021703668757754608,0.3567692307692308,0.023010481275295164,0.38833333333333336,0.013944333775567943,31.6,10.737783756436894,0.02807189999730326,0.004574571545516253,0.029095120000420138,0.0040159912412066085,2.695277679999708,0.5395114708074364,1.5473612200003117,0.5018694366934048,0.004261619999306276,0.0004809415978659702
classic,amazon_review_full,random_wa,ig,5,0.3550992335414446,0.026863289795858822,0.35177315237475215,0.027689070803018218,0.35507692307692307,0.026810754708648892,0.38333333333333336,0.048591265790377515,31.6,19.932385707686876,0.031495400001585946,0.003545409468249329,0.03547702000214485,0.0024207538454302188,2.8427079599990974,0.9622544253679635,1.6563391999981831,1.0401440808544795,0.004716699999698903,0.0006665414622953457
classic,amazon_review_full,random_wa,none,5,0.3209529973097812,0.026039758310420616,0.3213099321633897,0.024531755527576967,0.32087179487179485,0.02603059823952244,0.37666666666666665,0.057554322166106696,41.4,26.378021153983482,0.004721620002237614,0.0014763711023678342,0.004771000001346693,0.0013734925404906941,4.2342557000025405,1.9658745612358641,2.7133056200007557,1.8190476846295072,0.004439719999209046,0.0008308896402197619
bert,amazon_review_polarity,bert_bilstm_attention,df,5,0.8468291457286432,0.011287482555595254,0.8461802618875496,0.011497981114060548,0.8467474747474748,0.011447758219325645,0.8766666666666667,0.03248931448269657,6.4,2.701851217221259,0.022329999972134827,0.0031352662734113325,0.023232879978604615,0.0046509404211871755,199.7724145399872,45.90642261051797,124.69002292000224,52.4119901877443,0.9865268999710679,0.03412118504942021
bert,amazon_review_polarity,bert_bilstm_attention,dfs,5,0.8078291457286432,0.024459128581893107,0.8073929997299487,0.02484617052763187,0.8078282828282828,0.024458188597908687,0.8066666666666666,0.025954019170662375,4.2,1.7888543819998317,0.026281499955803155,0.002950300873875996,0.028771759988740087,0.0033652109501077,112.68688381996472,15.103782707792414,59.08662453996949,24.439459397421086,0.552221340034157,0.03966556161161835
bert,amazon_review_polarity,bert_bilstm_attention,ig,5,0.7877537688442211,0.037458206300651116,0.7865038331709046,0.038615922859251195,0.787888888888889,0.03730587614655003,0.8083333333333333,0.0338501600193165,6.2,5.540758070878027,0.03262095998506993,0.003610929990550859,0.03204029998742044,0.0007439340046807553,139.92417071999517,73.69970463140235,86.1320771199651,75.27467934004322,0.5485799599904567,0.029505106111327402
bert,amazon_review_polarity,bert_bilstm_attention,none,5,0.878854271356784,0.025275480268043046,0.8787731107140722,0.025202927518007304,0.8788484848484849,0.025282517542693474,0.8966666666666667,0.023273733406281572,5.2,2.7748873851023217,0.004098480031825602,0.0003930731561034341,0.0038787599885836245,0.0002851572543099232,219.49215173996055,52.78718452492337,123.67994959999342,65.76565264899116,1.3068193199811504,0.045072947777716005
bert,amazon_review_polarity,bert_cls,df,5,0.8578090452261307,0.036818431409996834,0.8575568308679686,0.03697486188139709,0.8578383838383838,0.03676988629724624,0.8683333333333333,0.016029486718059486,8.2,3.2710854467592254,0.022329999972134827,0.0031352662734113325,0.023232879978604615,0.0046509404211871755,187.74432285998483,47.765181105204334,132.02810327997432,53.14210983365201,0.8187831399729475,0.04106711967032607
bert,amazon_review_polarity,bert_cls,dfs,5,0.8037889447236181,0.018374157295555336,0.8029254577838241,0.018493679784697955,0.8036969696969697,0.018467950547606325,0.8033333333333333,0.03151278400198174,5.4,4.277849927241488,0.026281499955803155,0.002950300873875996,0.028771759988740087,0.0033652109501077,103.10035961996763,42.74045257156492,62.99432378001511,50.00807777427068,0.44504579999484123,0.022467054985813358
bert,amazon_review_polarity,bert_cls,ig,5,0.7998090452261306,0.01681988255849554,0.7991107126692444,0.01700016254287327,0.7997777777777778,0.016798552259783908,0.8033333333333333,0.041915921133197656,8.2,4.024922359499621,0.03262095998506993,0.003610929990550859,0.03204029998742044,0.0007439340046807553,133.86055710001384,38.78249123512712,98.51306485997047,48.782992706363224,0.4554203799692914,0.011178288471662265
bert,amazon_review_polarity,bert_cls,none,5,0.8818643216080402,0.02265741324133266,0.8816282289383017,0.022695970185572335,0.8818686868686869,0.022653190145608293,0.9033333333333333,0.02091650066335188,7.0,2.9154759474226504,0.004098480031825602,0.0003930731561034341,0.0038787599885836245,0.0002851572543099232,206.01347918002867,50.77782963144478,135.75764021996875,55.69355706542425,1.0793956999899819,0.05111735160041974
bert,amazon_review_polarity,bert_cnn,df,5,0.851824120603015,0.031137220927820487,0.8516035821148683,0.03133103641859934,0.8518585858585859,0.031098962110372982,0.8783333333333333,0.02608745973749754,8.0,2.6457513110645907,0.022329999972134827,0.0031352662734113325,0.023232879978604615,0.0046509404211871755,195.31705726000945,39.833730723985745,136.53064528000542,43.688449819621646,0.848856640001759,0.031036153561579773
bert,amazon_review_polarity,bert_cnn,dfs,5,0.8188391959798995,0.01722460677661829,0.818452598269467,0.01751016677794929,0.8188787878787879,0.0172832238175639,0.8133333333333334,0.020069324297987155,7.0,2.5495097567963922,0.026281499955803155,0.002950300873875996,0.028771759988740087,0.0033652109501077,132.92345373996068,26.341379378737688,89.20060956000816,32.020665571627426,0.4673612199956551,0.020227668531478796
bert,amazon_review_polarity,bert_cnn,ig,5,0.7958040201005026,0.01734308198868762,0.7955271525432281,0.017315666501462733,0.7957373737373737,0.017304212546660824,0.8066666666666666,0.036514837167011066,4.6,3.286335345030997,0.03262095998506993,0.003610929990550859,0.03204029998742044,0.0007439340046807553,114.5980562799843,28.917905662834734,59.24678787996527,42.87902828355636,0.480214020004496,0.015729981000809943
bert,amazon_review_polarity,bert_cnn,none,5,0.8878643216080402,0.026036388971359178,0.8877934922528087,0.026068970125116588,0.8879090909090909,0.0259859307133942,0.9116666666666667,0.030956959368344507,5.6,2.073644135332772,0.004098480031825602,0.0003930731561034341,0.0038787599885836245,0.0002851572543099232,191.56910527998116,37.531384932093914,114.03549697999843,42.70553981878857,1.1118133399868384,0.05252164490406876
bert,amazon_review_polarity,bert_mean,df,5,0.8278140703517588,0.039701581363194016,0.8256957453434051,0.04231000880065988,0.8278787878787879,0.03967383086911371,0.8783333333333333,0.0209165006633519,6.2,1.7888543819998317,0.022329999972134827,0.0031352662734113325,0.023232879978604615,0.0046509404211871755,159.33641295996495,25.300698289580353,99.24067705997732,29.43352343096454,0.8139367600204424,0.04051156920870998
bert,amazon_review_polarity,bert_mean,dfs,5,0.8118391959798995,0.021711126370074992,0.8110776914991128,0.021654418078938024,0.8118080808080808,0.021662174901121843,0.8066666666666666,0.03301935459359825,9.8,6.418722614352485,0.026281499955803155,0.002950300873875996,0.028771759988740087,0.0033652109501077,151.27282068000642,65.46407989515971,112.62512627998368,74.87739429703346,0.4393008799990639,0.015962212409315626
bert,amazon_review_polarity,bert_mean,ig,5,0.7997537688442211,0.03504289020522571,0.7979999787611816,0.0376388753847617,0.7995858585858586,0.035319236609041314,0.8166666666666667,0.04330127018922191,7.4,7.402702209328699,0.03262095998506993,0.003610929990550859,0.03204029998742044,0.0007439340046807553,131.40380206005648,72.04194560566914,84.73863604001235,83.02654289112445,0.44313977998681364,0.018334774343799178
bert,amazon_review_polarity,bert_mean,none,5,0.8808190954773869,0.04237040915462115,0.8804033051024109,0.04277422420564839,0.8809090909090909,0.04220669329238771,0.9116666666666666,0.028625940062196098,9.6,2.4083189157584592,0.004098480031825602,0.0003930731561034341,0.0038787599885836245,0.0002851572543099232,251.33365289999637,40.856415642224874,186.27761653997004,47.16366366647328,1.0750966000137852,0.05733064541126664
classic,amazon_review_polarity,fasttext_cnn,df,5,0.7837889447236182,0.01941795284016096,0.7827091457037638,0.019999382971960397,0.7838484848484849,0.01943815981344342,0.8066666666666666,0.023124061542519312,18.4,15.076471735787521,0.01714495999913197,0.0017932944582810606,0.016910660002031362,0.000992262913521874,7.589887400000589,2.517435419102205,3.5487546200020006,2.8792903362333857,0.007456000003730878,0.001017125339516195
classic,amazon_review_polarity,fasttext_cnn,dfs,5,0.7667939698492462,0.021640012281935853,0.7667001722682332,0.021623312204004513,0.7668080808080808,0.0216621749011218,0.8033333333333333,0.01728036779443975,9.6,3.0495901363953815,0.01866902000037953,0.002097135255890672,0.019748659999459052,0.0016431807777152966,4.998211520002224,0.45348300178825474,1.573484160003136,0.5181926226540737,0.005778500001179054,0.00021942676721529788
classic,amazon_review_polarity,fasttext_cnn,ig,5,0.7667889447236181,0.030341177354487818,0.7665356365887191,0.0305639178741224,0.7667979797979798,0.030349429964893242,0.8083333333333333,0.013176156917368235,11.6,7.436396977031283,0.021915580003405922,0.0019160407772817497,0.02563969999609981,0.0016166020346711138,5.394041999996989,1.0305923460708477,1.9012388200033457,1.2456921926013065,0.006511119997594505,0.0007235603854337848
classic,amazon_review_polarity,fasttext_cnn,none,5,0.7657236180904523,0.036690749250025786,0.7655209641282271,0.036899767886451884,0.7657777777777778,0.036613176471839017,0.7916666666666666,0.025000000000000005,20.6,10.89954127475097,0.0033357799984514713,0.0006535741993853719,0.00424674000532832,0.0016449857549614547,8.088068460000795,1.9852828454119462,4.051422199999797,2.2030674896774824,0.007815820001997053,0.0010660669588516186
classic,amazon_review_polarity,fasttext_lstm,df,5,0.7517688442211056,0.014911913187794869,0.7511510628831981,0.014844875293101216,0.7517070707070708,0.014823873301922856,0.7966666666666666,0.03515837184954831,16.6,7.127411872482185,0.01714495999913197,0.0017932944582810606,0.016910660002031362,0.000992262913521874,20.622987840004498,3.699392609324178,9.236704679997638,4.043224694422153,0.02643707999959588,0.0027795885858487857
classic,amazon_review_polarity,fasttext_lstm,dfs,5,0.7787587939698493,0.018145197386004577,0.7765990551452698,0.01840807550766972,0.7788282828282829,0.018050041539893456,0.8016666666666666,0.02527625148017184,6.2,2.7748873851023217,0.01866902000037953,0.002097135255890672,0.019748659999459052,0.0016431807777152966,9.231437000003643,0.8910863133488411,2.163407439997536,1.029710611613551,0.015362899997853674,0.0016483046132991354
classic,amazon_review_polarity,fasttext_lstm,ig,5,0.7837788944723618,0.012039746407135947,0.7828287788462982,0.012080266393955631,0.7837676767676768,0.012045459839483859,0.805,0.04232808366400096,6.4,1.140175425099138,0.021915580003405922,0.0019160407772817497,0.02563969999609981,0.0016166020346711138,9.913988679996692,0.7207909432343484,2.2132786400004987,0.4081763876825937,0.013942280001356267,0.0014178896533770635
classic,amazon_review_polarity,fasttext_lstm,none,5,0.77578391959799,0.01062410676976836,0.7754483978732675,0.010652881401145828,0.7757373737373737,0.010579970314703828,0.7916666666666666,0.025685058345704066,10.4,5.813776741499453,0.0033357799984514713,0.0006535741993853719,0.00424674000532832,0.0016449857549614547,20.10207400000072,3.1464911725065186,6.634094179997919,3.649908600213676,0.0291953799984185,0.004738936163123837
gcn,amazon_review_polarity,fasttext_residual_word_gcn,df,5,0.6976582914572864,0.035574515248961665,0.6916885146601789,0.04052276060862501,0.6975252525252525,0.03575930558504882,0.7266666666666667,0.022360679774997876,43.8,36.04441704342019,0.015605820005293935,0.0016776278753832905,0.015217579994350671,0.00013979884360164235,0.48923890000442044,0.24523004368811646,0.17947030002251269,0.14589381751819647,0.0009609799715690314,8.428577026135184e-05
gcn,amazon_review_polarity,fasttext_residual_word_gcn,dfs,5,0.7898040201005025,0.016365903408424476,0.7887741196825494,0.017035092247031706,0.7897979797979798,0.01635934910790662,0.8216666666666667,0.02674467755980202,51.0,14.966629547095765,0.017242239986080675,0.000960564963662261,0.020214580022729932,0.0032956378339515325,0.530242140009068,0.10762462795652979,0.20642566001042723,0.05738144053407465,0.0010310599929653109,0.00019595342395050002
gcn,amazon_review_polarity,fasttext_residual_word_gcn,ig,5,0.76678391959799,0.03237298002362793,0.7661539273599811,0.03262690916499495,0.7667777777777778,0.03236891894364477,0.825,0.033850160019316504,50.6,14.258330898110058,0.02239257999463007,0.002564177703673882,0.024062420008704066,0.001872154280661825,0.5231694399961271,0.09316071574698102,0.19944097999250515,0.05408568347094219,0.0007214799989014864,1.229950444556892e-05
gcn,amazon_review_polarity,fasttext_residual_word_gcn,none,5,0.7237286432160804,0.011781248692821248,0.7235073312473076,0.011798103244353654,0.7236868686868687,0.011759816597181578,0.7483333333333333,0.03698723503528691,41.2,25.183327818221326,0.0035002600168809296,0.0006397427794151801,0.0032025799970142542,0.00016728071759400043,0.7842382999951951,0.35700981031742873,0.30069074002094565,0.18466350336863296,0.0025827799923717975,5.476593283764765e-05
classic,amazon_review_polarity,fasttext_wa,df,5,0.7857889447236182,0.01286903915933992,0.7855501169775777,0.012600993454967757,0.7857777777777778,0.012865639951359788,0.795,0.029814239699997185,28.8,19.967473550752484,0.01714495999913197,0.0017932944582810606,0.016910660002031362,0.000992262913521874,3.444361819996266,1.2903739669280638,2.0057916199963075,1.366841165442331,0.004039239999838173,0.0020392601609879823
classic,amazon_review_polarity,fasttext_wa,dfs,5,0.790788944723618,0.02609119314710228,0.7903269866919718,0.02616298928434326,0.7907575757575758,0.026094058867348266,0.8,0.027638539919628325,19.8,9.47100839404126,0.01866902000037953,0.002097135255890672,0.019748659999459052,0.0016431807777152966,2.481329679995542,0.7089452720937724,1.1557776000001467,0.6436334312924729,0.0060671200015349315,0.002286363988007279
classic,amazon_review_polarity,fasttext_wa,ig,5,0.7727788944723618,0.0224471622157032,0.7725489138042233,0.022499141101059,0.7727575757575758,0.02243995150004006,0.8166666666666667,0.03908679799852859,17.4,5.128352561983234,0.021915580003405922,0.0019160407772817497,0.02563969999609981,0.0016166020346711138,2.4179580599971815,0.3948082198131515,1.1093979400029639,0.3236299293053714,0.007200740001280792,0.0020149508601707412
classic,amazon_review_polarity,fasttext_wa,none,5,0.8028090452261306,0.011909685557797187,0.8026335161236767,0.011843901203902383,0.8028080808080809,0.011909054497421225,0.8066666666666666,0.03698723503528693,26.4,11.013627921806693,0.0033357799984514713,0.0006535741993853719,0.00424674000532832,0.0016449857549614547,3.3589873600023568,0.6835263860664986,1.8592007799976273,0.769085404310052,0.004593139994540252,0.0007159012218797258
classic,amazon_review_polarity,random_cnn,df,5,0.7667336683417085,0.022453534141073636,0.7654301123608773,0.023326785138131096,0.7668181818181818,0.0222982228843837,0.7783333333333333,0.025413251136628172,28.6,19.37266114915553,0.01714495999913197,0.0017932944582810606,0.016910660002031362,0.000992262913521874,9.50057978000259,3.200789570487072,5.554008959996281,3.6854821951863275,0.008100540001760238,0.0006095169194967943
classic,amazon_review_polarity,random_cnn,dfs,5,0.7467386934673367,0.013225515862969996,0.7442623678944164,0.01585715987398241,0.7468080808080808,0.013173562568254672,0.7833333333333333,0.023570226039551608,38.0,32.225766088644036,0.01866902000037953,0.002097135255890672,0.019748659999459052,0.0016431807777152966,9.191710019996389,4.563326970353804,6.161742460000096,5.204130399236711,0.00790102000173647,0.00042568438268341546
classic,amazon_review_polarity,random_cnn,ig,5,0.7557537688442211,0.035438943646782566,0.7550012461416922,0.03612260693600708,0.7557171717171717,0.035441600272771386,0.795,0.040225061287157256,29.4,14.99333185119305,0.021915580003405922,0.0019160407772817497,0.02563969999609981,0.0016166020346711138,8.261166320001939,2.2457653232498487,4.8487738799973155,2.4768259129873478,0.008343099997728132,0.0025116340052527605
classic,amazon_review_polarity,random_cnn,none,5,0.7697638190954774,0.02038948671263794,0.767982943367843,0.02106208727455323,0.7697575757575758,0.020391766735544978,0.7966666666666666,0.02091650066335187,40.8,20.873428084528904,0.0033357799984514713,0.0006535741993853719,0.00424674000532832,0.0016449857549614547,12.225815900001908,3.8400085591494637,8.108520880003926,4.177841192504693,0.009989919996587559,0.001332334232015256
classic,amazon_review_polarity,random_lstm,df,5,0.6726733668341709,0.028397187894155126,0.6711625498085199,0.02935946660068084,0.6726565656565656,0.028396699879107035,0.7316666666666667,0.0528362249471579,14.2,10.639548862616309,0.01714495999913197,0.0017932944582810606,0.016910660002031362,0.000992262913521874,19.69613968000049,5.605697399825491,7.951648099996964,6.046770614245278,0.02264566000085324,0.0026363124405697626
classic,amazon_review_polarity,random_lstm,dfs,5,0.7206934673366834,0.02346048666340871,0.7200497973934152,0.02326066203790839,0.7207474747474747,0.02338232209234053,0.765,0.020749832663314573,8.6,6.6558245169174945,0.01866902000037953,0.002097135255890672,0.019748659999459052,0.0016431807777152966,9.78521224000142,2.0799233318838666,2.9619490399956705,2.2788249558515172,0.01363642000069376,0.001919040978404888
classic,amazon_review_polarity,random_lstm,ig,5,0.7427386934673367,0.05157326055733763,0.7400779171102314,0.05665903138143091,0.7427373737373737,0.05157339003535448,0.7683333333333333,0.04579543888011361,13.4,11.013627921806693,0.021915580003405922,0.0019160407772817497,0.02563969999609981,0.0016166020346711138,12.033875779999653,3.100851775405654,4.770214720006334,3.8633955686986274,0.013639740002690814,0.001129288686652937
classic,amazon_review_polarity,random_lstm,none,5,0.6567085427135678,0.03913830152544705,0.6522671807458317,0.04357002493830526,0.6567171717171717,0.03915258882517334,0.7183333333333334,0.04385899122313591,19.6,13.371611720357423,0.0033357799984514713,0.0006535741993853719,0.00424674000532832,0.0016449857549614547,25.63415014000202,7.7092795049043294,12.655693160003285,8.688406184752274,0.027728280003066173,0.0034983408853908426
classic,amazon_review_polarity,random_wa,df,5,0.7837688442211056,0.016981095878413992,0.7836020422931029,0.017067582183124114,0.7837373737373737,0.017015780380606273,0.79,0.025954019170662396,55.4,23.29806858947754,0.01714495999913197,0.0017932944582810606,0.016910660002031362,0.000992262913521874,4.904430279997177,1.3319454178106163,3.8181764399982057,1.4713896948831824,0.003601340000750497,0.000986805984398294
classic,amazon_review_polarity,random_wa,dfs,5,0.7877989949748744,0.03242949065814726,0.7875717853898111,0.032399634051116635,0.7877777777777778,0.032420367778814296,0.7716666666666667,0.020916500663351892,31.8,10.449880382090505,0.01866902000037953,0.002097135255890672,0.019748659999459052,0.0016431807777152966,2.841794220000156,0.5568012182567894,1.7623256000020775,0.5732542078161559,0.006389719998696819,0.0026779912955403697
classic,amazon_review_polarity,random_wa,ig,5,0.7467236180904523,0.022317771838262713,0.7462741424204707,0.02234243089199657,0.7467070707070707,0.022339206542856278,0.81,0.029697549468675755,38.8,21.463923220138483,0.021915580003405922,0.0019160407772817497,0.02563969999609981,0.0016166020346711138,3.2765536400023847,1.2585198604309689,2.375241480002296,1.3953965186496629,0.005739379997248761,0.0011460839159223965
classic,amazon_review_polarity,random_wa,none,5,0.7838140703517588,0.023785779395087768,0.7837530460450484,0.023863921365667482,0.7838080808080808,0.02377625764302273,0.8016666666666666,0.03651483716701109,46.0,19.748417658131498,0.0033357799984514713,0.0006535741993853719,0.00424674000532832,0.0016449857549614547,4.688941760000307,1.2868757791075782,3.226113080006326,1.3817184177581259,0.00484180000203196,0.0005045070287695108
bert,bbc_sport,bert_bilstm_attention,df,5,0.9876327928431646,0.0057146020161627795,0.9888995818146964,0.005848103337952819,0.9892746642643845,0.0045936898908129666,0.9954022988505747,0.010280772310343848,2.6,1.140175425099138,0.05910100000910461,0.008138869326993481,0.05894088000059128,0.007073905921374948,159.37600294000003,9.307289470799645,56.625687180017124,24.821265067775194,1.2042964999796824,0.01926049097390253
bert,bbc_sport,bert_bilstm_attention,dfs,5,0.9972412480974124,0.0037777263416409407,0.9978895971642608,0.002890055243352219,0.9984615384615385,0.0021066252211737082,1.0,0.0,2.4,0.5477225575051661,0.06839344003237784,0.005228177208059388,0.06841510001104326,0.0045056868596201225,125.66045785997994,3.191289436196842,42.490270660026,10.052806714399415,0.9275206400314346,0.04920784256920898
bert,bbc_sport,bert_bilstm_attention,ig,5,0.9958713850837139,0.0061369876697982524,0.9959056205244449,0.005898178827334206,0.9959119496855346,0.005754588100422951,1.0,0.0,2.4,0.8944271909999159,0.07671906002797187,0.004566192508215123,0.08314548002090305,0.004725656388934694,139.2063048399752,2.533063169511131,47.57932148000691,17.849710154150088,1.0535264000063762,0.04865519916309117
bert,bbc_sport,bert_bilstm_attention,none,5,0.9931506849315068,0.009686394262829417,0.9934956293496243,0.008948701738310411,0.9938093855829705,0.008561949056755868,1.0,0.0,2.0,0.0,0.012539179972372949,0.003957197945452038,0.011757400003261864,0.006839495329597827,154.27811494001654,1.0754770794495363,43.70301573995967,0.5494592388375685,1.2098172000143677,0.01853929337293333
bert,bbc_sport,bert_cls,df,5,0.9931786413195415,0.009637049914989667,0.9930093714548207,0.009972472073510532,0.9916307692307692,0.012504957596770993,0.9977011494252873,0.005140386155171924,3.2,0.4472135954999579,0.05910100000910461,0.008138869326993481,0.05894088000059128,0.007073905921374948,129.9221992000239,6.988030393177026,57.156127759977245,7.883882248258938,1.0342199800070375,0.0200314619865752
bert,bbc_sport,bert_cls,dfs,5,1.0,0.0,1.0,0.0,1.0,0.0,1.0,0.0,3.4,0.8944271909999159,0.06839344003237784,0.005228177208059388,0.06841510001104326,0.0045056868596201225,110.09669114002027,8.2621077084257,49.14288203998003,13.027404697496081,0.7795814200304448,0.04932833292136891
bert,bbc_sport,bert_cls,ig,5,0.9986111111111111,0.003105649968749697,0.9984819190834229,0.0033945321248116385,0.9986206896551724,0.0030842316931031645,1.0,0.0,3.4,1.140175425099138,0.07671906002797187,0.004566192508215123,0.08314548002090305,0.004725656388934694,121.70951790001709,11.508954032538302,53.97034675995819,17.96150374197808,0.8854623399907723,0.034890563949998024
bert,bbc_sport,bert_cls,none,5,0.9958616780045352,0.0037781968847670163,0.9959103618199526,0.003842886209503984,0.9959641025641026,0.004086410505789581,1.0,0.0,2.2,0.4472135954999579,0.012539179972372949,0.003957197945452038,0.011757400003261864,0.006839495329597827,126.70404505999758,0.35149676169094546,39.34406377999112,7.994348586397862,1.0261877600336446,0.016611317342917705
bert,bbc_sport,bert_cnn,df,5,0.9890310005280651,0.007784041365065267,0.9894364549225789,0.009106476639045248,0.9895582803663481,0.011658363083044484,0.9954022988505747,0.010280772310343848,1.4,0.5477225575051661,0.05910100000910461,0.008138869326993481,0.05894088000059128,0.007073905921374948,131.7976376600098,0.28408817433906575,26.055146139976568,10.068151084769404,1.0477995799621567,0.010650451529016907
bert,bbc_sport,bert_cnn,dfs,5,0.9958904109589041,0.00612621363698575,0.9966847035563322,0.005008936859499103,0.9977068214804063,0.003432134979125087,1.0,0.0,1.8,1.0954451150103321,0.06839344003237784,0.005228177208059388,0.06841510001104326,0.0045056868596201225,107.42458941999357,1.8227968667926253,27.561453619995156,16.790987413606622,0.7997149399947375,0.0490824447388591
bert,bbc_sport,bert_cnn,ig,5,0.9931316590563166,0.006849447191352122,0.9945747423201574,0.005455709236265496,0.9961828737300435,0.0038102494799676025,1.0,0.0,1.8,1.0954451150103321,0.07671906002797187,0.004566192508215123,0.08314548002090305,0.004725656388934694,118.54377605998889,1.5213036329569731,29.916242979979142,18.044722359519156,0.9038796400185675,0.04191144906786844
bert,bbc_sport,bert_cnn,none,5,0.9945015220700152,0.005736388137294328,0.9948782528458053,0.004808949483176369,0.9954155614500443,0.004215835731788107,1.0,0.0,1.2,0.4472135954999579,0.012539179972372949,0.003957197945452038,0.011757400003261864,0.006839495329597827,131.6716715000104,0.3625588270514346,22.264261500025167,8.283706729037258,1.0546645800117402,0.011347184043125808
bert,bbc_sport,bert_mean,df,5,0.9945391855372285,0.005697188290268313,0.9947850994546692,0.005776053462653915,0.9944760522496372,0.008313585999808018,0.9954022988505747,0.010280772310343848,2.0,0.0,0.05910100000910461,0.008138869326993481,0.05894088000059128,0.007073905921374948,126.60929048000835,0.25522520008112665,35.705612620012836,0.12297709465113575,1.0310825400054455,0.019112663215948452
bert,bbc_sport,bert_mean,dfs,5,0.9904109589041096,0.01786082850740454,0.9894196876844168,0.02082511211490009,0.9900401548137397,0.02022749980960348,1.0,0.0,2.2,0.8366600265340756,0.06839344003237784,0.005228177208059388,0.06841510001104326,0.0045056868596201225,102.30904224000406,1.2580214225194868,31.83064337996766,12.102395733834207,0.7805881600128487,0.05409212734393241
bert,bbc_sport,bert_mean,ig,5,0.9972412480974124,0.0037777263416409407,0.9972772430382475,0.00376922816082804,0.9978514588859416,0.003133455779885779,1.0,0.0,2.8,0.8366600265340756,0.07671906002797187,0.004566192508215123,0.08314548002090305,0.004725656388934694,116.50055262001698,5.652195463419169,44.4907995599322,13.392100325084039,0.8767152800457552,0.03933737559684192
bert,bbc_sport,bert_mean,none,5,0.994529866741217,0.005727800830167354,0.9938143526854263,0.00685219355758891,0.9942514588859417,0.007054391094819138,1.0,0.0,2.0,0.0,0.012539179972372949,0.003957197945452038,0.011757400003261864,0.006839495329597827,126.9163784599863,0.15630451328985245,35.76501067997888,0.11267362144642033,1.0216924000298604,0.010173068022439431
classic,bbc_sport,fasttext_cnn,df,5,0.9560964340073929,0.019553401562684706,0.9577881870397262,0.022407509601497407,0.9566387801744991,0.02317920653459843,0.9886351895553755,0.011366571490310574,22.2,7.12039324756716,0.051699880001251586,0.008100956684229547,0.05418139999965206,0.010072929880622958,7.117307000001892,0.911570655580049,3.728420979998191,1.1299642186474264,0.007601720001548529,0.0006548025577074299
classic,bbc_sport,fasttext_cnn,dfs,5,0.9821812971764048,0.01238237458217528,0.981923451161843,0.013410797375668712,0.9793066579917589,0.014393828308576748,0.9887123853803436,0.013761663147644272,14.6,6.5038450166036395,0.0598236200021347,0.007902949380759224,0.06357960000750609,0.006786022600258483,5.820392180004274,0.7329629508455039,2.366527560001123,0.9774416049114832,0.0073572199966292825,0.00019965942463518678
classic,bbc_sport,fasttext_cnn,ig,5,0.9780433634641071,0.008814919617565073,0.9793028240049935,0.010366097017440453,0.9782191248352601,0.01119636228063049,0.9886096532938842,0.008128384754864583,22.4,12.856904759700136,0.07710952000052203,0.012834427192179539,0.08147731999633834,0.009511936298173044,7.2062031200010095,1.9394712912371683,3.813397399999667,2.1914929226361277,0.007387979998020456,0.0009490430121541856
classic,bbc_sport,fasttext_cnn,none,5,0.9684065635386575,0.010261390415383584,0.9690927991686084,0.010106118625998674,0.9693220426071435,0.008762148080690807,0.9886090662533902,0.014078238135891276,20.4,4.505552130427524,0.012872419995255768,0.0036421366440117704,0.010132400004658848,0.0007979923278579852,7.760970080000698,0.5473874183384844,3.90078455999319,0.7671327963416146,0.009724999996251427,0.0025410329607567163
classic,bbc_sport,fasttext_lstm,df,5,0.8336878358649396,0.05130957061817974,0.8202559975467406,0.05722249950763191,0.8140417215653116,0.057101021925307346,0.8571181595106431,0.028483150658911462,30.4,12.895735729302148,0.051699880001251586,0.008100956684229547,0.05418139999965206,0.010072929880622958,26.58786170000094,5.087715000931056,16.78253212000418,6.379908612853493,0.027132700002402997,0.0013972340607595784
classic,bbc_sport,fasttext_lstm,dfs,5,0.9697476935979872,0.00774641651435346,0.9711788945118188,0.008297107120133252,0.9734876132325709,0.008180133342255163,0.986414121846125,0.0049682822985941694,23.2,9.984988733093292,0.0598236200021347,0.007902949380759224,0.06357960000750609,0.006786022600258483,24.27646902000124,4.951786400962519,13.227549659999204,5.242342984807619,0.027802140000858344,0.004875487764264965
classic,bbc_sport,fasttext_lstm,ig,5,0.9559628645978939,0.01981777905104406,0.9544110927377711,0.01979966414061123,0.9556452231374191,0.022097140354512556,0.979595352987449,0.0094187487919224,26.8,13.553597308463905,0.07710952000052203,0.012834427192179539,0.08147731999633834,0.009511936298173044,25.78122424000467,7.131773734997989,15.191856799999368,8.278497572180687,0.027680639998288827,0.005210908420403252
classic,bbc_sport,fasttext_lstm,none,5,0.8155293852700898,0.06558007158454936,0.8077959187191094,0.05914732653923234,0.807849698968406,0.06187342349035233,0.8433767156258438,0.044907908755806074,34.8,13.255187663703596,0.012872419995255768,0.0036421366440117704,0.010132400004658848,0.0007979923278579852,29.84188870000362,5.8153543420998695,20.069665379999787,7.791820261694779,0.02994813999684993,0.005784060649543857
gcn,bbc_sport,fasttext_residual_word_gcn,df,5,0.8350592520113068,0.018659071321500718,0.8280911642528523,0.02346184420913023,0.8122964335416891,0.035669485223251765,0.8931219400514248,0.04682518894195526,132.8,19.044684297724654,0.03818282000720501,0.0019575947107522305,0.04228597999317572,0.002782248595677522,1.221577739994973,0.1617756585975935,0.5827483199769631,0.07968693604133377,0.0012634199927560985,6.159671663896766e-05
gcn,bbc_sport,fasttext_residual_word_gcn,dfs,5,0.9588641164228249,0.029281267033647067,0.9601208352338099,0.028620676475522473,0.9598042707238543,0.029306319184739013,0.9795442804644664,0.014866324308961652,62.6,18.16039647144302,0.048818119964562354,0.003321995511406386,0.05393566001439467,0.00855011027082524,0.6157124999910593,0.13947143803653553,0.25479025999084115,0.07835676492145438,0.0009807199938222765,7.224227412899929e-05
gcn,bbc_sport,fasttext_residual_word_gcn,ig,5,0.9614714378902246,0.015831036048177337,0.9652339336641532,0.01349810349574119,0.9617908179437132,0.01216415337019514,0.9818686673006704,0.006178248198612835,101.2,34.35403906384226,0.059050160029437394,0.01167153958609959,0.0669722400023602,0.012188519826929034,0.8839363600127399,0.23879041650141353,0.40539342000847683,0.1320189634068989,0.0010745800100266933,3.704843972516634e-05
gcn,bbc_sport,fasttext_residual_word_gcn,none,5,0.8612493399186159,0.0323430207834628,0.8620500754281619,0.03709492138981727,0.8501848893290731,0.0466676216532125,0.9295918307444847,0.020776110815785117,106.8,30.310064335134626,0.008189139992464334,0.0013024261925713234,0.007469780009705574,0.00019533043542269618,2.784374219982419,0.6575559147819111,1.4782394399982877,0.4150988563579001,0.005153720011003315,9.95168020857371e-05
classic,bbc_sport,fasttext_wa,df,5,0.9397042835399,0.032264209159731695,0.9432684875782817,0.03394883930770681,0.9343542265151894,0.03867923154494784,0.9659061557066206,0.018217093530062078,70.4,14.758048651498612,0.051699880001251586,0.008100956684229547,0.05418139999965206,0.010072929880622958,5.035938899999019,0.9294823548024879,3.953657100000419,0.9295409908990871,0.004050579998875037,0.00042789180422101434
classic,bbc_sport,fasttext_wa,dfs,5,0.9821149007548224,0.014292694192507848,0.9843241875477321,0.012661731881560733,0.9809273476469312,0.015023248830718053,0.9954545454545455,0.010163945352271763,31.0,8.514693182963201,0.0598236200021347,0.007902949380759224,0.06357960000750609,0.006786022600258483,2.743907700001728,0.500188378580679,1.6157660800003213,0.496793134256975,0.0034456999972462656,0.0003683142775173781
classic,bbc_sport,fasttext_wa,ig,5,0.97804297518094,0.01773818987669074,0.9806295737747185,0.01559879871519274,0.977234863119964,0.017949036985933406,0.9863885855846336,0.009439448319551843,39.6,14.909728367747013,0.07710952000052203,0.012834427192179539,0.08147731999633834,0.009511936298173044,3.0310538799967617,0.670783311856622,2.004559719999088,0.7433906702852815,0.0033388799987733365,0.0004743784527133377
classic,bbc_sport,fasttext_wa,none,5,0.9533842760848632,0.02307451868256863,0.955700903492644,0.02490783892705919,0.9431324026245986,0.032034782233687754,0.9682055933218273,0.012504117395646906,38.0,7.14142842854285,0.012872419995255768,0.0036421366440117704,0.010132400004658848,0.0007979923278579852,3.5598261599981926,0.3813773732392322,2.2758120800019244,0.42991079360497847,0.005364519997965544,0.0014176274481179252
classic,bbc_sport,random_cnn,df,5,0.9656858633864505,0.028183652055123253,0.9676684967877328,0.025955936448554012,0.9655046662750666,0.02578825246316454,0.9954022988505747,0.010280772310343848,34.0,8.916277250063503,0.051699880001251586,0.008100956684229547,0.05418139999965206,0.010072929880622958,9.104421719998935,1.485660764330277,5.858413480001036,1.5558206094296174,0.008283239998854696,0.002214615972445245
classic,bbc_sport,random_cnn,dfs,5,0.9835325225980803,0.011417876890585476,0.9854090916177614,0.010493403446101973,0.9829128338588325,0.01260046760687028,0.9931551078393388,0.01025250382900133,11.0,8.689073598491383,0.0598236200021347,0.007902949380759224,0.06357960000750609,0.006786022600258483,5.358270899998024,1.3478496318194015,1.8258157000003847,1.40137717286486,0.008622399996966124,0.0014529413834717766
classic,bbc_sport,random_cnn,ig,5,0.9753416891870903,0.017135240012948867,0.9759641618662478,0.01655301759826934,0.9726366047745358,0.020857195887646212,0.9954022988505747,0.010280772310343848,7.0,1.224744871391589,0.07710952000052203,0.012834427192179539,0.08147731999633834,0.009511936298173044,4.875479920001817,0.2876234402324896,1.220334999996703,0.22840936137448697,0.00821189999987837,0.0011495938823747921
classic,bbc_sport,random_cnn,none,5,0.9573331158947597,0.023043529473360004,0.9610786586729464,0.021179908054165888,0.9555320623012915,0.022549714246055976,0.9726726779613257,0.025214386976480183,33.4,18.20164827701052,0.012872419995255768,0.0036421366440117704,0.010132400004658848,0.0007979923278579852,9.847786720001022,2.9721028565346663,6.470462299999781,3.524818627993575,0.010627459999523126,0.0035136048018912245
classic,bbc_sport,random_lstm,df,5,0.7771988475755599,0.04724523428223586,0.7627830396693069,0.05575111798649578,0.7588814498334822,0.05159873487994643,0.8047124675660127,0.041879867687229434,46.4,16.009372255026115,0.051699880001251586,0.008100956684229547,0.05418139999965206,0.010072929880622958,35.13280491999758,9.422060935215566,25.773934439994626,9.581157678589335,0.026599759998498486,0.001745277915874304
classic,bbc_sport,random_lstm,dfs,5,0.9491046190165564,0.014192542809458808,0.9481833246468133,0.01730127437251733,0.9473291026475151,0.01975870269347141,0.9749721155765324,0.012710250525978508,39.4,20.731618364228105,0.0598236200021347,0.007902949380759224,0.06357960000750609,0.006786022600258483,31.518266579997725,11.241628378723048,21.628995420000866,11.30078531197918,0.028042399999685587,0.004261776485305217
classic,bbc_sport,random_lstm,ig,5,0.9312665020346038,0.014272175375429462,0.9288916040714812,0.014968198113721324,0.923128019337669,0.014962171818254476,0.9659067427471147,0.02273167571100539,29.8,13.103434664239755,0.07710952000052203,0.012834427192179539,0.08147731999633834,0.009511936298173044,27.03349131999712,6.926482303389644,16.87781326000113,7.364890581648538,0.02756035999918822,0.004453943648554936
classic,bbc_sport,random_lstm,none,5,0.719181188457118,0.060050137464999334,0.6960390594214545,0.06252106699851315,0.6876785844798172,0.061515715525429275,0.7366815187911662,0.06957755473726743,24.2,13.736811857195978,0.012872419995255768,0.0036421366440117704,0.010132400004658848,0.0007979923278579852,25.04938929999771,6.905353653685123,13.765748480003094,7.3893327199707874,0.02687761999841314,0.002126507148144085
classic,bbc_sport,random_wa,df,5,0.9203452613922282,0.017893417033576376,0.9242476923469567,0.01849034865607102,0.9136492174583397,0.020766528454617735,0.952346987895225,0.018746161905530204,54.2,9.444575162494075,0.051699880001251586,0.008100956684229547,0.05418139999965206,0.010072929880622958,3.8293867800035515,0.5049005095454373,2.96958151999861,0.6833452956607284,0.004986959998495877,0.0022987205752076838
classic,bbc_sport,random_wa,dfs,5,0.9738953343894635,0.014806921257269309,0.9772350888730947,0.013469752389767876,0.973363598752148,0.014770533507213022,0.986414121846125,0.014679803497509589,36.2,10.401922899156675,0.0598236200021347,0.007902949380759224,0.06357960000750609,0.006786022600258483,2.907395799999358,0.6050293732157025,1.874388279998675,0.5668507694337633,0.0031125200010137634,0.00044267526869679605
classic,bbc_sport,random_wa,ig,5,0.9752465598111391,0.012431675902925666,0.976197885770207,0.01188983391427058,0.9722031364884359,0.01115817480191732,0.9841413945733977,0.012811346045433042,43.4,11.282730166054668,0.07710952000052203,0.012834427192179539,0.08147731999633834,0.009511936298173044,3.1284624799969607,0.5174841561631678,2.1417780800024047,0.594839770683694,0.003334840000024997,0.00047788484797083887
classic,bbc_sport,random_wa,none,5,0.9589017798900382,0.025761640033067933,0.9607028057071663,0.026482359243491148,0.9492735632183908,0.03432991740392384,0.9704527843330634,0.0206453733237899,59.6,6.877499545619759,0.012872419995255768,0.0036421366440117704,0.010132400004658848,0.0007979923278579852,4.660596460002125,0.468820029942872,3.4960648199979913,0.4088295943041903,0.003645679997862317,0.0005692259566093009
bert,dbpedia,bert_bilstm_attention,df,5,0.9487076290543627,0.011966499442484655,0.9479243293108941,0.01240433417059513,0.949047619047619,0.011844844356183114,0.962560567170981,0.020627008801158118,6.2,2.280350850198276,0.041330479993484916,0.008531375870001384,0.04156260001473129,0.006523856088163038,133.53090127999894,25.943801797596866,84.18836408001371,28.55834160903417,0.5604074200149626,0.037642507253365945
bert,dbpedia,bert_bilstm_attention,dfs,5,0.9326066697121973,0.01959660446959459,0.9318753796497097,0.01955372142141973,0.9327891156462585,0.01911068277487714,0.9561224972376641,0.011091018044602836,4.8,2.7748873851023217,0.05043358001857996,0.00795867548335094,0.05948164002038538,0.012737161337852864,113.0500168400351,20.0638017183132,59.28419222000521,32.281097656790756,0.45026996002998204,0.04468047851303383
bert,dbpedia,bert_bilstm_attention,ig,5,0.9446824526673773,0.015481855567822054,0.9443080120887752,0.015178108539923026,0.9451020408163265,0.015275100838682252,0.9739695519641606,0.010775919842712983,6.8,0.8366600265340756,0.06718332001473755,0.011641037956463702,0.0732546600047499,0.012675460235269272,145.20535470005126,12.013628027997397,93.77701528000179,12.439216055893066,0.5818256200524047,0.027383661776236173
bert,dbpedia,bert_bilstm_attention,none,5,0.9738487386427085,0.011446410662811768,0.9736433775569323,0.011625975882622512,0.9738095238095238,0.01134240272145107,0.9918828167657668,0.008097553509863579,3.6,1.51657508881031,0.003685739985667169,0.0005309199121005355,0.0029664399800822137,0.0005957866801063619,134.1363075000001,22.196888642497367,62.870504879998045,27.006033372879752,0.80268373999279,0.03791678508211516
bert,dbpedia,bert_cls,df,5,0.9376067204710421,0.009926173456206867,0.9369626458854111,0.008966521309758446,0.9378231292517007,0.009914834715178608,0.9625870082074697,0.014992544014458983,7.2,3.03315017762062,0.041330479993484916,0.008531375870001384,0.04156260001473129,0.006523856088163038,123.29068763998802,22.500098116939693,79.89776300000958,28.858376233685654,0.4714586200192571,0.026422262680848532
bert,dbpedia,bert_cls,dfs,5,0.944697477285417,0.01934666565849495,0.9444751402863193,0.01912359420184275,0.9448979591836735,0.018750723064405023,0.9544964809775015,0.01249644586126552,8.2,3.1937438845342623,0.05043358001857996,0.00795867548335094,0.05948164002038538,0.012737161337852864,131.47825914004352,34.97642120204072,88.68730047999415,35.32713998129631,0.3847484399564564,0.03167951040901813
bert,dbpedia,bert_cls,ig,5,0.9396369727425004,0.020152922440426085,0.9396821304390827,0.019331078351298665,0.9400000000000001,0.019832586373258597,0.9610007609859282,0.012166878429072202,6.4,1.140175425099138,0.06718332001473755,0.011641037956463702,0.0732546600047499,0.012675460235269272,115.36667174000759,14.3721937189466,74.43012812002561,14.454949309279787,0.45838220003061,0.024190020653975085
bert,dbpedia,bert_cls,none,5,0.9798941678087407,0.007057785121669388,0.9796263816460861,0.007267175139613041,0.9798639455782313,0.006922416356402866,0.9934957199915733,0.003636303494930566,7.0,2.1213203435596424,0.003685739985667169,0.0005309199121005355,0.0029664399800822137,0.0005957866801063619,148.10555164001417,27.24138077570967,98.04792929997203,29.825543432615333,0.6690749000292271,0.02837665136398249
bert,dbpedia,bert_cnn,df,5,0.9466672757728034,0.012185209784314619,0.9459032505505571,0.012325701566516207,0.9469387755102041,0.012448700788670075,0.962587223175246,0.01700637520617958,6.0,1.5811388300841898,0.041330479993484916,0.008531375870001384,0.04156260001473129,0.006523856088163038,122.66768436001148,23.221688742332002,75.77960734001826,22.94455574526176,0.49238132000900803,0.02545480381557548
bert,dbpedia,bert_cnn,dfs,5,0.9517074767778285,0.010435487464337687,0.9510457545938239,0.010329861342109599,0.9517687074829932,0.010088345924622124,0.9544964809775015,0.014890550034843106,4.8,1.6431676725154984,0.05043358001857996,0.00795867548335094,0.05948164002038538,0.012737161337852864,106.30531075997278,16.01666954801099,58.49096321999095,21.20967486393463,0.399753320007585,0.03287602918714871
bert,dbpedia,bert_cnn,ig,5,0.9486722501395868,0.015353962078998407,0.9481889678907,0.014942002667071881,0.9488435374149661,0.01540144167186149,0.9691046162180289,0.01075328876071122,5.4,3.2093613071762426,0.06718332001473755,0.011641037956463702,0.0732546600047499,0.012675460235269272,116.77480709997471,35.048646820447075,68.3030998600414,43.06014297512912,0.48630429999902847,0.017625503528851366
bert,dbpedia,bert_cnn,none,5,0.9778790416730115,0.011544851671331475,0.9779337941692939,0.011534668060601177,0.9780272108843538,0.011336281068011577,0.990243687471248,0.008906131447467807,3.4,1.6733200530681511,0.003685739985667169,0.0005309199121005355,0.0029664399800822137,0.0005957866801063619,116.00563628003002,15.457313734577612,51.06271576001309,24.560397879008953,0.6905261399690061,0.01757419729495015
bert,dbpedia,bert_mean,df,5,0.9406624029237094,0.022304037957330925,0.9401941282103531,0.022633747892553076,0.9410204081632654,0.02238265816546146,0.9674652719557338,0.013054334243149989,5.4,2.792848008753788,0.041330479993484916,0.008531375870001384,0.04156260001473129,0.006523856088163038,105.19307901998982,24.775587493829754,60.718357260013,30.073905737275528,0.4659271999960765,0.017486876494690683
bert,dbpedia,bert_mean,dfs,5,0.9386219481244606,0.02741570041720299,0.9384595341963449,0.026215408570540465,0.9388435374149661,0.027234683469988953,0.9561224972376641,0.01247112230167824,7.0,2.449489742783178,0.05043358001857996,0.00795867548335094,0.05948164002038538,0.012737161337852864,115.92315096000675,21.609573057373602,77.54799580001273,23.823994355245716,0.38109965999610723,0.01656996501092544
bert,dbpedia,bert_mean,ig,5,0.9426419471092838,0.010521856356442089,0.9422094310578901,0.010005158361760073,0.942857142857143,0.01035601180111447,0.9755957831920995,0.012939015637174287,7.2,3.2710854467592254,0.06718332001473755,0.011641037956463702,0.0732546600047499,0.012675460235269272,125.08594126002863,33.96077216590289,81.78352266002912,37.005218469614995,0.4625409800093621,0.012068329952195204
bert,dbpedia,bert_mean,none,5,0.9718437642759251,0.014460547640490852,0.9718134478580609,0.014314728764513915,0.9718367346938775,0.01439543224843004,0.9918697037314107,0.005749025642823623,3.8,1.3038404810405297,0.003685739985667169,0.0005309199121005355,0.0029664399800822137,0.0005957866801063619,111.25803169996944,11.154759433783328,53.32076074006036,17.70058724852461,0.6734263999853283,0.03978583543015844
classic,dbpedia,fasttext_cnn,df,5,0.9054152073498807,0.022686447168504684,0.9049878301995337,0.022294324645149487,0.9059183673469389,0.022506368615499546,0.9349969689543538,0.020903814530525464,48.4,20.169283576765935,0.03730231999943499,0.007820252659317382,0.038525019996450284,0.007136959098745859,10.062738479999826,3.5103511610422675,7.54994325999869,3.742958596400428,0.006108539999695494,0.0007915415199568158
classic,dbpedia,fasttext_cnn,dfs,5,0.9124150550733465,0.024250577690209066,0.9117769347873013,0.0240846857212568,0.9129251700680273,0.024265555001212462,0.9366229852145164,0.019594334898873564,37.4,11.84483009586883,0.048147240001708266,0.010344864382576612,0.0507949999999255,0.007447994928067721,7.895125839998945,1.2677840365557116,5.3184383800020445,1.5243539614799104,0.0062918200041167435,0.0007501322638616871
classic,dbpedia,fasttext_cnn,ig,5,0.903445662656718,0.029115602488060815,0.9032258292363567,0.029433882706539544,0.903809523809524,0.029095453612024036,0.9365834311436716,0.025534191402132485,39.4,19.32097306038182,0.06707294000370893,0.01730525884920915,0.07729982000018935,0.018803782654686924,8.821279980000691,2.3301149171519526,5.980212259999826,2.708678533572114,0.006667540004127659,0.00048072366265122796
classic,dbpedia,fasttext_cnn,none,5,0.9024001827318411,0.02350916417781748,0.9018202520685789,0.02345876901012056,0.9025170068027212,0.023600393508211224,0.9107111993912113,0.012824326607659382,41.4,12.601587201618692,0.0038677000033203513,0.0011065817072728765,0.003817159996833652,0.0009509942652084329,9.33062519999803,1.641357207986921,6.641090419999091,1.9959243132592395,0.006689040001947433,0.00034002445490127536
classic,dbpedia,fasttext_lstm,df,5,0.820885691081671,0.03838528778276877,0.8180406408821782,0.03894068548466923,0.821156462585034,0.038068959595298,0.8408292596939719,0.034074558746059656,71.2,23.721298446754552,0.03730231999943499,0.007820252659317382,0.038525019996450284,0.007136959098745859,32.63017992000387,12.236948557442682,27.540806179997162,12.102694748471345,0.015214779999223538,0.0018975240119549442
classic,dbpedia,fasttext_lstm,dfs,5,0.8470318765544896,0.01882186519394617,0.8454777083296376,0.01856033788821361,0.8471428571428572,0.01924190274939051,0.8797362775319979,0.03369835794250186,42.6,13.145341380123988,0.048147240001708266,0.010344864382576612,0.0507949999999255,0.007447994928067721,18.25900238000031,4.532063711275812,12.222253140000976,3.7342380492917546,0.012406120004015975,0.0018122911787893823
classic,dbpedia,fasttext_lstm,ig,5,0.8028053398304654,0.03790624418062525,0.8018316008185851,0.03659129511672775,0.8026530612244898,0.037947203873632304,0.8456415283349026,0.043014171338238316,45.2,4.266145801540309,0.06707294000370893,0.01730525884920915,0.07729982000018935,0.018803782654686924,22.104661899997154,2.6012558434211894,15.807920480007306,1.9527545869165555,0.013598660001298413,0.0011188719048722115
classic,dbpedia,fasttext_lstm,none,5,0.7302956195117,0.05362267660243199,0.730352353363979,0.05161515135905535,0.7306122448979593,0.05350795289227588,0.7774647130395154,0.07765464013838688,46.2,17.51285242329187,0.0038677000033203513,0.0011065817072728765,0.003817159996833652,0.0009509942652084329,26.443226579995827,4.929290200460788,19.504837259999476,6.211957793648947,0.016993120001279748,0.0025877317557810846
gcn,dbpedia,fasttext_residual_word_gcn,df,5,0.8391737475255063,0.05433286570327533,0.8367628920887287,0.05459503640734842,0.8392517006802721,0.05428479787131628,0.8960370690433503,0.02134602101109482,87.8,42.89172414347551,0.03142922000261024,0.001878366533151001,0.032717599999159575,0.0008291893977844686,0.788481319998391,0.288179739557785,0.3558763999841176,0.1816044350960076,0.0009765399736352265,0.0002044190052197651
gcn,dbpedia,fasttext_residual_word_gcn,dfs,5,0.8884204355108878,0.028316080099879612,0.8872230625037354,0.028981252870507696,0.8885714285714286,0.027904219605539245,0.9187226184794899,0.02344185286825882,79.0,26.009613607279906,0.0419912000070326,0.0026262279361592296,0.04684383999556303,0.002506538472380603,0.7105732000083662,0.18110976194449294,0.3143079999950714,0.10003723530031858,0.0008839199901558459,0.00014819449846341983
gcn,dbpedia,fasttext_residual_word_gcn,ig,5,0.8652592761788742,0.03877972302893383,0.864143601687023,0.038626100582374055,0.8656462585034014,0.038718032348886364,0.9041411392432274,0.024939576711255212,93.2,37.77168251481525,0.04998932000016794,0.000865554632804552,0.059005640004761516,0.004031430050076153,0.8194838399882428,0.2590285721298049,0.3801423200056888,0.1503402943863951,0.0009621999808587134,0.00017784071386040516
gcn,dbpedia,fasttext_residual_word_gcn,none,5,0.8773247550885742,0.03188122931022776,0.8757832247922941,0.03315031387834669,0.8775510204081634,0.031995396552122184,0.928518700046863,0.019547803089310894,96.0,15.84297951775486,0.003910120006185025,0.0013717609934057573,0.003306100005283952,0.00036203746419410183,1.231822439993266,0.16748185857240575,0.608908079995308,0.10336653583320922,0.002280820009764284,0.00016737911383964336
classic,dbpedia,fasttext_wa,df,5,0.8893701334957617,0.033053114476853655,0.8880247320068153,0.03300745873415555,0.8895238095238096,0.03328418561953949,0.9301973834122265,0.009203271806346666,76.6,18.18790807102345,0.03730231999943499,0.007820252659317382,0.038525019996450284,0.007136959098745859,4.904762420002953,1.2421649821840117,4.023852879999322,1.2150887274791726,0.0049506800016388295,0.0005317781356664094
classic,dbpedia,fasttext_wa,dfs,5,0.918506065681945,0.022883010804614065,0.917380037151911,0.023069651348992602,0.9184353741496599,0.023399531252659415,0.9335025129733053,0.012975811063761777,57.6,22.300224214119464,0.048147240001708266,0.010344864382576612,0.0507949999999255,0.007447994928067721,3.7678256800019883,0.9049024784007079,2.828638160001719,1.0956012258155585,0.004508899999200367,0.0006601459166587197
classic,dbpedia,fasttext_wa,ig,5,0.9024457134155627,0.026870740116826185,0.9013912150465309,0.02729827783236304,0.9024489795918368,0.02755668875929991,0.931850055676654,0.008947993420320306,62.2,9.757048734120374,0.06707294000370893,0.01730525884920915,0.07729982000018935,0.018803782654686924,4.3929508200002605,0.8795515199659154,3.2358250999997837,0.6807818975651779,0.005175120002240874,0.0009680317922981464
classic,dbpedia,fasttext_wa,none,5,0.9114960154306888,0.017490159618733948,0.9104025015937856,0.017247475665310506,0.9115646258503401,0.01769524928839387,0.9415803571044701,0.013259589451327804,48.0,20.868636754709208,0.0038677000033203513,0.0011065817072728765,0.003817159996833652,0.0009509942652084329,3.603377300000284,1.0182928929526043,2.559603539999807,1.056131086822033,0.0033757599972886964,0.0005292951724403073
classic,dbpedia,random_cnn,df,5,0.8832790213694737,0.022505253518906705,0.8824846504320524,0.022686522499244105,0.8836054421768708,0.02237076665848799,0.9123767697222186,0.012997079320089875,64.8,23.82645588416372,0.03730231999943499,0.007820252659317382,0.038525019996450284,0.007136959098745859,12.146698140003718,2.954377056396923,9.905104399999255,3.270822083016904,0.006944079999811947,0.0007896386316796025
classic,dbpedia,random_cnn,dfs,5,0.8842485660626364,0.026266231033909647,0.8828109730675047,0.026666326675199394,0.8844897959183674,0.02590019360336422,0.9090849681632723,0.003763726755761565,37.0,16.140012391568973,0.048147240001708266,0.010344864382576612,0.0507949999999255,0.007447994928067721,7.788563179998891,1.864157063255839,5.13652097999875,2.2203291429309315,0.00872975999955088,0.00324599692729024
classic,dbpedia,random_cnn,ig,5,0.8671983655651998,0.030190365604342292,0.8661574316173889,0.02885526570735951,0.8677551020408164,0.029770552679447233,0.9058067095742348,0.016053529203398847,45.8,22.106560112328648,0.06707294000370893,0.01730525884920915,0.07729982000018935,0.018803782654686924,9.529625720001059,2.683082616382233,7.0761747200012906,3.01940013465215,0.008596940006827935,0.0028740942988498587
classic,dbpedia,random_cnn,none,5,0.8591277092533374,0.011642078340091028,0.8565043989276236,0.013369896389423881,0.8591836734693878,0.012049652778175697,0.8961157472494873,0.021577978690835473,63.8,16.161683080669537,0.0038677000033203513,0.0011065817072728765,0.003817159996833652,0.0009509942652084329,12.448239439999451,2.349189355747878,10.143168880001758,2.5458175731773083,0.008277040001121349,0.0009365859410843306
classic,dbpedia,random_lstm,df,5,0.792739404091163,0.04228737302550991,0.7894422323921341,0.04192171137345228,0.793265306122449,0.04169643529125682,0.8279122759498351,0.03323354751994341,41.2,24.417207047490095,0.03730231999943499,0.007820252659317382,0.038525019996450284,0.007136959098745859,21.203527160000522,4.54465725017889,14.847844119995717,6.860332982522344,0.017854640001314693,0.0031379467414147867
classic,dbpedia,random_lstm,dfs,5,0.8450320288310238,0.038455651250362495,0.8447047869582012,0.0371930207025238,0.8451020408163266,0.038136669646844,0.8506115833236598,0.03541902362157044,36.0,15.016657417681207,0.048147240001708266,0.010344864382576612,0.0507949999999255,0.007447994928067721,16.18940994000004,2.9696345170207654,10.085529399994993,3.9429204858499576,0.011280900001293049,0.001546303015490238
classic,dbpedia,random_lstm,ig,5,0.8078252880564438,0.017470924911374898,0.8060720537334322,0.015571920033240993,0.8079591836734694,0.017619244607939327,0.8507708744459206,0.025291091739202427,37.8,13.809417076763234,0.06707294000370893,0.01730525884920915,0.07729982000018935,0.018803782654686924,20.041405699998723,5.25751124561132,13.653148779997718,5.484448207587257,0.01613591999921482,0.003235064276384546
classic,dbpedia,random_lstm,none,5,0.7243263286127608,0.036290238636788055,0.722650922884144,0.03896031857214818,0.7243537414965986,0.03666344816942326,0.7143650066854978,0.02950541078755927,49.6,18.76965636339675,0.0038677000033203513,0.0011065817072728765,0.003817159996833652,0.0009509942652084329,27.431626200000757,7.697516810091872,21.43009632000176,9.055569169805228,0.017931439995300023,0.0042460826668814095
classic,dbpedia,random_wa,df,5,0.8671935942337953,0.035681267169478934,0.8665989424939051,0.035747063375429114,0.8673469387755103,0.03596687484186162,0.9043253666275425,0.028441008480355273,112.8,24.742675683927153,0.03730231999943499,0.007820252659317382,0.038525019996450284,0.007136959098745859,6.548230239996338,1.3922848224329865,5.785561719999532,1.5471087407695576,0.004817399999592453,0.0005770481823721445
classic,dbpedia,random_wa,dfs,5,0.893329475661134,0.021909291478173245,0.8926915948325428,0.02176251894841558,0.893265306122449,0.022174679579577628,0.9091245222341171,0.0173363610398363,81.2,6.833739825307955,0.048147240001708266,0.010344864382576612,0.0507949999999255,0.007447994928067721,4.933864699996775,0.4461845669150326,4.05139984000125,0.37048202842205796,0.004918699999689124,0.0005128215453149171
classic,dbpedia,random_wa,ig,5,0.8843043500329932,0.0181367884830899,0.8830811648095535,0.0187618265529467,0.8845578231292518,0.01847192450726455,0.9172414905005739,0.01421860612383424,107.4,22.62299714891906,0.06707294000370893,0.01730525884920915,0.07729982000018935,0.018803782654686924,6.458954559999984,0.9509288918998199,5.573655040000449,0.9652807339527598,0.004872920000343584,0.0004056496610204603
classic,dbpedia,random_wa,none,5,0.8873295771788234,0.017596706195698104,0.8857881301476567,0.0175533491609206,0.887482993197279,0.017845639313830153,0.9124692058660406,0.03271762718707808,77.6,23.415806627148253,0.0038677000033203513,0.0011065817072728765,0.003817159996833652,0.0009509942652084329,5.059124460001476,1.14980996088468,4.150549680000404,1.3116247885183006,0.0031034399988129737,0.00045059711901793614
bert,farm_ads,bert_bilstm_attention,df,5,0.8501605033384694,0.022658176193408413,0.8496410474083447,0.023022816861730824,0.8498126740260803,0.023838570493762798,0.8764240790655885,0.011675927084604942,4.8,2.7748873851023217,0.0636344800121151,0.005928246030333812,0.06981138002593071,0.00736982193261836,225.64783629998564,56.83599107296198,122.49557924001711,70.39826499403298,1.4478538800030947,0.028596956558096753
bert,farm_ads,bert_bilstm_attention,dfs,5,0.8319658448895737,0.026180909803939945,0.8310724863418808,0.026399912302244546,0.8316806889720706,0.025433109028361368,0.8688409703504043,0.015412982493719992,4.8,3.898717737923586,0.06928935999749228,0.0049706082675806005,0.08045826000161468,0.0066887211062524885,222.98991707999957,68.41104101422901,113.79068165998906,91.2730470573827,1.4145091400016099,0.049201314125813106
bert,farm_ads,bert_bilstm_attention,ig,5,0.828550333846944,0.030709527843344703,0.8275186384215336,0.030637845403459107,0.8283660965877108,0.029489164764767865,0.8783468104222821,0.012137696393626496,5.0,4.527692569068709,0.08859788000117988,0.011440233413918487,0.10288214000174775,0.01212786669352392,225.8938453400042,82.67814279264167,119.99903515999904,106.38499671188282,1.3775564400013536,0.03333751170608428
bert,farm_ads,bert_bilstm_attention,none,5,0.8354006163328197,0.008345111741546255,0.83499969120445,0.008457147447424977,0.8359612252772307,0.008982954096662634,0.8763522012578616,0.03253639596796031,6.0,2.6457513110645907,0.01665804001968354,0.0021249285823788117,0.015016680001281202,0.0017868482883428762,245.93938230001368,57.583335617524824,154.35908150000031,66.54494051037673,1.441670539986808,0.008380362515526913
bert,farm_ads,bert_cls,df,5,0.8376797637390858,0.022976237622953186,0.8357067894458323,0.02401283110431439,0.8362399509595132,0.02332995158976174,0.8707457322551662,0.02065799330881568,4.8,3.03315017762062,0.0636344800121151,0.005928246030333812,0.06981138002593071,0.00736982193261836,186.07173754000104,54.32268583357542,100.41513705998659,64.05498092480518,1.2118751800153404,0.031408154878424015
bert,farm_ads,bert_cls,dfs,5,0.8331086286594761,0.033934194148607,0.8323335661226368,0.03369200094556178,0.8323574343273386,0.03305203909225184,0.8631266846361186,0.010697032261805283,5.2,3.96232255123179,0.06928935999749228,0.0049706082675806005,0.08045826000161468,0.0066887211062524885,183.51389080000808,62.33602016072805,102.58485429999419,76.64231229965526,1.204361079982482,0.03209597891870868
bert,farm_ads,bert_cls,ig,5,0.8206535695942475,0.02298060322270714,0.8196908084018514,0.02280316926883981,0.819862933843782,0.021746708741833504,0.8631446540880503,0.010362158893906303,2.8,0.8366600265340756,0.08859788000117988,0.011440233413918487,0.10288214000174775,0.01212786669352392,145.56965783998604,8.786443852370835,55.747322140005416,17.175131358614443,1.2045801600208506,0.041439107229688764
bert,farm_ads,bert_cls,none,5,0.8569594247560349,0.015971832294097967,0.8565787321156274,0.015968738268590195,0.8563818610330238,0.016004040021978142,0.8821203953279425,0.014522497049772608,8.4,2.9664793948382653,0.01665804001968354,0.0021249285823788117,0.015016680001281202,0.0017868482883428762,246.86056869999737,52.22941565081042,175.5785352200037,60.531308265768125,1.2093257399857975,0.029615552895250252
bert,farm_ads,bert_cnn,df,5,0.8399011299435029,0.03247388014916086,0.8384705076942947,0.03342140921323405,0.8393651461777316,0.03212990527376752,0.8745552560646901,0.013724356399711656,4.4,1.816590212458495,0.0636344800121151,0.005928246030333812,0.06981138002593071,0.00736982193261836,185.7151712000137,29.04548922940025,95.29017124000238,39.34590493441702,1.248439500015229,0.01797763258563424
bert,farm_ads,bert_cnn,dfs,5,0.8365112994350282,0.026394606870626027,0.8349017242845931,0.026952041775962436,0.8347794931926259,0.026883863238478148,0.8707277628032345,0.010762636686889943,4.0,2.5495097567963922,0.06928935999749228,0.0049706082675806005,0.08045826000161468,0.0066887211062524885,176.79079898000927,32.17354493106151,81.1520619799965,51.26742895739598,1.2194236000184902,0.027067234766548195
bert,farm_ads,bert_cnn,ig,5,0.8286530559835644,0.028336230522868808,0.8274753262274472,0.028836150173854207,0.8287297745574079,0.027506975530983167,0.8725965858041329,0.01876410060335183,4.8,2.8635642126552705,0.08859788000117988,0.011440233413918487,0.10288214000174775,0.01212786669352392,186.82137331999837,43.04163710059645,98.02484612000407,58.17846413801729,1.220443820010405,0.037264429326779265
bert,farm_ads,bert_cnn,none,5,0.8285182331792501,0.05459743712656491,0.8272465254033295,0.054927620046662136,0.8292566591335401,0.05280499250295215,0.8764061096136568,0.017967385325907286,5.0,1.7320508075688772,0.01665804001968354,0.0021249285823788117,0.015016680001281202,0.0017868482883428762,193.2419375199941,31.264673359169688,109.30710739999776,38.12092571605777,1.2455868999939412,0.028892965109896848
bert,farm_ads,bert_mean,df,5,0.8353685156651258,0.024726106854931228,0.8340191788654723,0.024688656177465733,0.8352080295445549,0.02296040320424899,0.859299191374663,0.029747720772042973,3.6,1.51657508881031,0.0636344800121151,0.005928246030333812,0.06981138002593071,0.00736982193261836,164.19950535998214,24.661467971433183,75.3291962799849,32.91695076892563,1.2203257599961943,0.02814107433158424
bert,farm_ads,bert_mean,dfs,5,0.8240241397021058,0.037226845516204525,0.8230228114597186,0.038017734623663424,0.8244202582643075,0.03673843992875747,0.8764240790655885,0.006754578109638371,3.6,1.140175425099138,0.06928935999749228,0.0049706082675806005,0.08045826000161468,0.0066887211062524885,155.437973600009,12.731882180402213,71.04970653998899,21.826117102914132,1.1812526600202546,0.03923247349931443
bert,farm_ads,bert_mean,ig,5,0.8353941961992809,0.026482792095356995,0.8352777034322433,0.02647392028427325,0.8353383309197262,0.026327173356488407,0.8707097933513027,0.012918023903404458,6.4,3.1304951684997055,0.08859788000117988,0.011440233413918487,0.10288214000174775,0.01212786669352392,201.07951849999372,54.71882098415904,126.5261080599972,60.06944736393336,1.2083923199912534,0.043793773480503284
bert,farm_ads,bert_mean,none,5,0.8218348741653827,0.03981359252877913,0.8207741360353407,0.04083256114037767,0.8229714426020855,0.038465507502873426,0.8706738544474394,0.04089371152002707,4.6,2.6076809620810595,0.01665804001968354,0.0021249285823788117,0.015016680001281202,0.0017868482883428762,179.69510988001713,49.51960224360336,96.90382803999819,55.57033519750661,1.2099028600146995,0.03661038327150068
classic,farm_ads,fasttext_cnn,df,5,0.81948510529019,0.033915412004802276,0.8194108626198652,0.03385391242271294,0.8196901563249033,0.03362763274710261,0.8593351302785265,0.016806193502655775,17.6,17.30028901492689,0.06315576000488363,0.0036382904700715717,0.06830534000182524,0.007739627811197025,7.875013119998039,2.9952284276497934,3.639968360000057,3.4112677002627003,0.007984040002338589,8.112082323218969e-05
classic,farm_ads,fasttext_cnn,dfs,5,0.8353556753980482,0.03548795961539191,0.8346427899412356,0.03584048236325173,0.8344015674248233,0.03570127639675126,0.8536567834681043,0.02250726757900722,11.0,5.338539126015656,0.06897363999742083,0.014220803705867834,0.07149769999959972,0.008888654899271571,6.258798899996327,0.9168168540740227,2.156731600002968,0.9586252591449924,0.007750980000128038,0.0006766602866833065
classic,farm_ads,fasttext_cnn,ig,5,0.8160695942475603,0.031801227617522985,0.8155301445186453,0.03203679424819008,0.8152741907735068,0.032089822938017876,0.8612219227313567,0.019693117453271684,13.6,10.784247771634329,0.07880778000107966,0.00247472809043066,0.09365856000222265,0.00721909904936643,6.776922139999806,1.8318993467948512,2.7054605799959974,2.0573778732738837,0.007736439997097477,0.0006886274270425065
classic,farm_ads,fasttext_cnn,none,5,0.8444658448895737,0.03574999492907625,0.8437433665747253,0.035797410002351406,0.8433025661069437,0.03564703521170289,0.8631266846361186,0.010697032261805283,22.0,8.602325267042627,0.01784996000060346,0.003871463811622201,0.01975483999995049,0.0036546179719958993,9.281316419996438,1.7563210241363207,4.917872319999151,1.966695311961615,0.007216560002416372,9.980692632143519e-05
classic,farm_ads,fasttext_lstm,df,5,0.8070107858243452,0.03541223825501261,0.8058841288955617,0.03536929234889523,0.8065026416052408,0.03569747384993348,0.8345911949685535,0.02910177566816995,11.4,7.861297602813418,0.06315576000488363,0.0036382904700715717,0.06830534000182524,0.007739627811197025,23.492987559997708,5.649193047254425,8.291419539996422,6.157863722171897,0.03050392000004649,0.0013327497595215325
classic,farm_ads,fasttext_lstm,dfs,5,0.8524011299435028,0.02562590491466014,0.8512701125294216,0.025524515555284392,0.8507286754892773,0.025233798303564176,0.8745193171608265,0.010498989645421213,4.8,1.0954451150103321,0.06897363999742083,0.014220803705867834,0.07149769999959972,0.008888654899271571,18.09395838000346,1.0011671244239597,3.4147965199983448,0.9452177202423978,0.03381017999490723,0.004479216447258557
classic,farm_ads,fasttext_lstm,ig,5,0.8263097072419107,0.029292641109377834,0.8256221023516717,0.0291730731670921,0.8254429094237575,0.02916131740822282,0.8611680143755616,0.01768900654298661,6.8,2.588435821108957,0.07880778000107966,0.00247472809043066,0.09365856000222265,0.00721909904936643,18.217196519995923,1.0228947338121817,4.482419879999361,1.4798608016485446,0.029018879996147006,0.0018132747264696697
classic,farm_ads,fasttext_lstm,none,5,0.8206343091936312,0.020556682111562703,0.8200304450558403,0.021177891847100998,0.8204937287974223,0.021199314458457668,0.8555795148247979,0.02402919565193571,21.4,15.820872289478858,0.01784996000060346,0.003871463811622201,0.01975483999995049,0.0036546179719958993,30.326836860002366,10.818894743574232,16.305362920000334,12.354017596139991,0.03285765999753494,0.004748947772367504
gcn,farm_ads,fasttext_residual_word_gcn,df,5,0.8069979455572676,0.04952628813060375,0.8053765326073969,0.04973499104017025,0.8052861502382707,0.04938472836064405,0.8346271338724169,0.030361435062211714,57.8,23.95203540411545,0.04749850000953302,0.0035072289939512536,0.05398745997808874,0.002682637210533833,0.6843882599845529,0.18260741657492524,0.2720133200054988,0.10511996148331172,0.001381239981856197,0.00010100384658861563
gcn,farm_ads,fasttext_residual_word_gcn,dfs,5,0.8092449922958398,0.036802450238446305,0.8071272861904709,0.0373151636752301,0.8071902941259986,0.03678666501733877,0.8478346810422283,0.026477181009368998,22.6,9.581231653602787,0.052037560008466245,0.0021934597956359977,0.05907352000940591,0.003565424133155676,0.3424561999971047,0.06209199328198589,0.09376516001066193,0.039112558842962795,0.0010506399907171727,9.192242554370758e-05
gcn,farm_ads,fasttext_residual_word_gcn,ig,5,0.81832948125321,0.038781529938311896,0.8165550312377263,0.039483098302953684,0.8164803094762055,0.03891345458642422,0.8592632524707996,0.02099790240206433,47.8,29.911536236041105,0.062045819987542924,0.0036386164733267293,0.07340604000492021,0.0049559688833903486,0.5044178400072269,0.20184545526372635,0.19537594000576064,0.1242152977100917,0.0011771999881602824,0.00017685226086640649
gcn,farm_ads,fasttext_residual_word_gcn,none,5,0.7934322033898306,0.04888453212552347,0.7908364768382029,0.04996990256744007,0.7916009814778625,0.04931370084354177,0.8630907457322552,0.04352793274683274,35.0,26.52357441974969,0.01368125998415053,0.0017921232431138204,0.01354634000454098,0.0004136878207390443,1.6583898200071416,0.6457983605199947,0.66405731998384,0.4961529067361717,0.007547160005196929,0.0005822509031426142
classic,farm_ads,fasttext_wa,df,5,0.8592128916281458,0.02841681940845328,0.8584708813772903,0.029177438722916744,0.8581753965748494,0.02933638391401195,0.8612398921832884,0.022735582318213047,25.6,17.242389625571047,0.06315576000488363,0.0036382904700715717,0.06830534000182524,0.007739627811197025,3.431103459998849,1.7540492127844343,2.001214840001194,1.8266563417629065,0.004985580005450174,0.0008683450095962116
classic,farm_ads,fasttext_wa,dfs,5,0.8512647663071392,0.03339867069955794,0.8491444831434404,0.035329736713714456,0.8489746095218051,0.034707546512868795,0.8593171608265948,0.010388612466888747,17.0,13.784048752090222,0.06897363999742083,0.014220803705867834,0.07149769999959972,0.008888654899271571,2.5986487400019542,0.9700037128016071,1.1728406599984738,0.9545077527377618,0.00470787999802269,0.0009471375095700901
classic,farm_ads,fasttext_wa,ig,5,0.8421866974833077,0.03388362253715115,0.8408975837176645,0.03473857447935032,0.8405223079094488,0.034571135440014805,0.861203953279425,0.012929641900975612,21.4,11.84483009586883,0.07880778000107966,0.00247472809043066,0.09365856000222265,0.00721909904936643,3.0473631600005318,0.527313304825923,1.4701600399974268,0.6346549278081507,0.004831979997106828,0.0009343563318280228
classic,farm_ads,fasttext_wa,none,5,0.841050333846944,0.025330951942669825,0.8394082840737407,0.027022453147324592,0.8395176961661229,0.026517248255796457,0.8498472596585804,0.015115503068870809,20.0,11.135528725660043,0.01784996000060346,0.003871463811622201,0.01975483999995049,0.0036546179719958993,3.0194528999971224,0.7673954533209956,1.4470156000024872,0.8399926115394123,0.004095959998085164,0.00011321293266882487
classic,farm_ads,random_cnn,df,5,0.8501219825372368,0.031481313181812104,0.8489469582473962,0.03246226572290056,0.8490264394368362,0.032200603211219904,0.8707277628032345,0.015871004071031435,21.6,10.16366075781753,0.06315576000488363,0.0036382904700715717,0.06830534000182524,0.007739627811197025,9.108197419997305,2.286737381251399,4.703613479997148,2.258549208115804,0.00858799999987241,0.0007674962830723337
classic,farm_ads,random_cnn,dfs,5,0.859206471494607,0.02606699730495102,0.8579096503859547,0.026539099328651755,0.8573268424841612,0.02633979316654701,0.8764600179694519,0.012997455009974354,19.6,15.093044755780724,0.06897363999742083,0.014220803705867834,0.07149769999959972,0.008888654899271571,8.000361219997284,2.462918785098988,3.8764783400052694,2.8356884399064994,0.00766571999702137,0.0003355092087505993
classic,farm_ads,random_cnn,ig,5,0.8342257318952234,0.04860836331616109,0.831584961626149,0.05092737552669929,0.831937115931644,0.04932011537318088,0.8745552560646901,0.015287558095039523,19.2,14.184498581197715,0.07880778000107966,0.00247472809043066,0.09365856000222265,0.00721909904936643,8.469421159997001,3.2083748583163985,4.119599720000406,3.2072042629856714,0.008333259998471476,0.001356546447614276
classic,farm_ads,random_cnn,none,5,0.838796866974833,0.02275857425994278,0.8361006641655154,0.02574555855654693,0.8365610191601983,0.023874617439356885,0.8688769092542677,0.02685062468325516,24.6,20.75572210259137,0.01784996000060346,0.003871463811622201,0.01975483999995049,0.0036546179719958993,9.755840400001034,3.735868487859272,5.310905360002653,4.2766088491449175,0.009327939996728674,0.003090207266388361
classic,farm_ads,random_lstm,df,5,0.7604904982023626,0.013742149245172594,0.7579424053599656,0.015475744199675723,0.759454959085602,0.01551192281784647,0.7965678346810422,0.01742485625276463,8.2,4.43846820423443,0.06315576000488363,0.0036382904700715717,0.06830534000182524,0.007739627811197025,21.24273256000015,3.2334125519794696,6.058707060001325,3.2357261206727372,0.029935280003701336,0.0021434692974622587
classic,farm_ads,random_lstm,dfs,5,0.8115690806368773,0.039900368094156494,0.8105863971059013,0.03997991009867407,0.8103466407433576,0.039865058666232515,0.8441329739442948,0.03709388483420412,5.6,3.7815340802378072,0.06897363999742083,0.014220803705867834,0.07149769999959972,0.008888654899271571,17.526295280005435,2.9182254083237322,3.701173240001663,2.684539234054161,0.02955954000353813,0.002711833811040884
classic,farm_ads,random_lstm,ig,5,0.8365112994350282,0.021320233065578828,0.8356071239665631,0.02181958005380969,0.8356389878551301,0.022093701140152987,0.8460377358490566,0.020321535527382292,8.8,7.496665925596525,0.07880778000107966,0.00247472809043066,0.09365856000222265,0.00721909904936643,20.046147300003213,4.461693678818144,5.628793099999894,4.792189691670189,0.030981780000729486,0.004508782022023858
classic,farm_ads,random_lstm,none,5,0.802452491011813,0.04106773927182283,0.8008197979001439,0.04317970168107665,0.8034439583823989,0.038554138387109596,0.8080143755615454,0.0409876069016002,12.8,11.144505372604026,0.01784996000060346,0.003871463811622201,0.01975483999995049,0.0036546179719958993,24.1937378600036,7.3424427081802275,9.448568100002012,8.124231246768076,0.03652853999810759,0.00556569569731273
classic,farm_ads,random_wa,df,5,0.8467578325629174,0.021693656402646463,0.8461158543145963,0.02219081758441171,0.8458088757267964,0.022252214162775695,0.8593351302785265,0.024493028753280535,30.4,6.542170893518451,0.06315576000488363,0.0036382904700715717,0.06830534000182524,0.007739627811197025,3.2479088400024922,0.4816742606015246,1.9238303999998607,0.5027545817724112,0.004593200000817888,0.002027448443484155
classic,farm_ads,random_wa,dfs,5,0.8251284026707756,0.05967605901451841,0.8231131698103402,0.06073041834389126,0.823074567930929,0.060285156790940334,0.8611680143755616,0.025106996434024906,24.2,20.38872237291979,0.06897363999742083,0.014220803705867834,0.07149769999959972,0.008888654899271571,2.6737165399972582,0.9932648504984548,1.6310945000004722,1.4756438510902503,0.004331679997267202,0.0011124733597419779
classic,farm_ads,random_wa,ig,5,0.8342321520287622,0.04586130058420632,0.8321286483671377,0.04740413141702745,0.8320208154818278,0.04671642757641506,0.8574123989218329,0.015070522003818563,34.0,23.80126047082381,0.07880778000107966,0.00247472809043066,0.09365856000222265,0.00721909904936643,3.359455219999654,1.3290615047647434,2.366568019997794,1.2982424023532093,0.004956379998475313,0.001090840410539877
classic,farm_ads,random_wa,none,5,0.8410439137134053,0.03184762716273524,0.8402977908130905,0.03227361676146559,0.8399798726884911,0.03231637125190268,0.8479964061096137,0.026958550109604615,31.0,10.677078252031311,0.01784996000060346,0.003871463811622201,0.01975483999995049,0.0036546179719958993,3.8573603199998616,0.7440533191854894,2.359219460003078,0.8341399203805446,0.004134460003115237,0.00011560801170604185
bert,imdb,bert_bilstm_attention,df,5,0.838,0.032901367752724196,0.8376177996250974,0.0330128882393193,0.8385711875843455,0.032403077330348674,0.8633333333333333,0.0346610572384757,4.6,1.6733200530681511,0.0497335399966687,0.009194743453711235,0.05559604000300169,0.01256005520871934,236.7685126800323,41.80273636116287,128.19275322002358,46.55649963720101,1.5630389000289142,0.031906297788271795
bert,imdb,bert_bilstm_attention,dfs,5,0.811,0.027703790354390113,0.8096381327716035,0.02727738141104662,0.8105402930402931,0.025511704098539846,0.8333333333333334,0.03773077140890589,5.4,2.4083189157584592,0.05770791999530047,0.006982046881806959,0.05810363995842636,0.009511332996588129,156.99098692003173,33.89495779547055,90.94364043995738,40.61869309131431,0.8602360199904069,0.0717007884932575
bert,imdb,bert_bilstm_attention,ig,5,0.82,0.012747548783981918,0.8173739145889846,0.013707096906103222,0.8183091141314826,0.012951061383362368,0.8366666666666667,0.039352396510392004,9.4,4.449719092257398,0.07027694000862539,0.00941808925986271,0.07719805997330695,0.005793273042339544,236.05990130000282,86.32479666652664,169.91860307999886,82.34013986882348,0.9202110599959269,0.05484851100216568
bert,imdb,bert_bilstm_attention,none,5,0.85,0.02872281323269017,0.8494212618493748,0.028961493142486867,0.8503622035858878,0.029370149162580336,0.8883333333333333,0.019184774055368888,5.6,3.847076812334269,0.011886100005358457,0.0018983056691096554,0.01141399999614805,0.003976777829509452,274.95352372000923,96.093391740945,160.79392631999218,111.1275666412177,1.5995630599791184,0.05357396829064959
bert,imdb,bert_cls,df,5,0.817,0.029283100928692622,0.8164006062828763,0.029371949604125112,0.8193258386350492,0.028400645031160767,0.87,0.024720661623652197,10.0,6.2048368229954285,0.0497335399966687,0.009194743453711235,0.05559604000300169,0.01256005520871934,307.47475885997994,125.10568700891294,230.6432630600175,141.29420055082332,1.3678674200316892,0.02795925991077864
bert,imdb,bert_cls,dfs,5,0.807,0.02018662923818632,0.8046515041789806,0.021793092863739354,0.8051315789473684,0.021378415425148792,0.83,0.019184774055368888,9.8,2.04939015319192,0.05770791999530047,0.006982046881806959,0.05810363995842636,0.009511332996588129,184.61674901999066,23.57102134043898,137.11258914000354,27.146699005046997,0.7200421399902552,0.05015526137478097
bert,imdb,bert_cls,ig,5,0.816,0.01850675552332171,0.8154106660372663,0.0192008005781581,0.8164745999614421,0.02040501593214459,0.8316666666666667,0.02661453237111888,6.2,3.420526275297414,0.07027694000862539,0.00941808925986271,0.07719805997330695,0.005793273042339544,150.54572063998785,53.62475227420378,90.81546985998284,51.470926084862,0.7611837400123477,0.05823316659984433
bert,imdb,bert_cls,none,5,0.854,0.012942179105544797,0.8535951429382519,0.013083224730708536,0.8541128060535955,0.013585377456840849,0.8633333333333333,0.03564874939367906,5.6,2.073644135332772,0.011886100005358457,0.0018983056691096554,0.01141399999614805,0.003976777829509452,222.71328153996728,44.84785984992763,132.50652321998496,49.43865901128506,1.3788019600091501,0.040895731110446684
bert,imdb,bert_cnn,df,5,0.839,0.02631539473388151,0.8387227853728634,0.02618271206587927,0.8401690524387893,0.02683878850309495,0.8583333333333334,0.03061862178478974,4.8,2.9495762407505253,0.0497335399966687,0.009194743453711235,0.05559604000300169,0.01256005520871934,215.0096132799983,49.68864781639776,114.1908968999749,69.54379564812426,1.379464239999652,0.03223704882467031
bert,imdb,bert_cnn,dfs,5,0.8150000000000001,0.03640054944640257,0.8129544364983524,0.03808951909228099,0.815194356082514,0.037034010273466124,0.82,0.04232808366400096,5.6,4.560701700396552,0.05770791999530047,0.006982046881806959,0.05810363995842636,0.009511332996588129,147.68722467999905,55.914594055172856,86.07505759999621,71.2806853824424,0.7354684199672192,0.052769670109399335
bert,imdb,bert_cnn,ig,5,0.811,0.018506755523321716,0.8084212792244846,0.01871084225859159,0.8098663726624253,0.01627761700379665,0.8483333333333334,0.04013864859597434,6.0,3.1622776601683795,0.07027694000862539,0.00941808925986271,0.07719805997330695,0.005793273042339544,156.8253210199764,52.45485225068061,94.04686801999341,50.943544489218155,0.790666180010885,0.05278472678527515
bert,imdb,bert_cnn,none,5,0.851,0.024341322889276193,0.8505029805422392,0.02471083661635181,0.853464068825911,0.022396733689922677,0.8933333333333333,0.027259045389660234,5.4,1.6733200530681511,0.011886100005358457,0.0018983056691096554,0.01141399999614805,0.003976777829509452,227.4485129200155,36.35237824888332,132.2427282199962,40.872729249305856,1.3892156599787995,0.03875187483446305
bert,imdb,bert_mean,df,5,0.826,0.035951356024495076,0.8256640264275981,0.036174835716807296,0.8287633747831117,0.03566475812847657,0.8483333333333333,0.0350594732799377,5.0,1.224744871391589,0.0497335399966687,0.009194743453711235,0.05559604000300169,0.01256005520871934,204.61228158001322,26.237627062193056,114.60058518003207,27.55371579468512,1.348261720011942,0.02196289268237143
bert,imdb,bert_mean,dfs,5,0.83,0.024494897427831768,0.828793167887598,0.02398105977268705,0.8282881482552535,0.023790958185346572,0.83,0.03935239651039194,4.4,2.1908902300206643,0.05770791999530047,0.006982046881806959,0.05810363995842636,0.009511332996588129,117.72567778001539,34.01105766174469,61.165404339996165,30.410073797032027,0.7217843599850312,0.044953053488199717
bert,imdb,bert_mean,ig,5,0.821,0.009617692030835649,0.8196147147030931,0.01000218478120189,0.8198326344707924,0.011635573846750727,0.84,0.037453675090407076,8.6,1.816590212458495,0.07027694000862539,0.00941808925986271,0.07719805997330695,0.005793273042339544,182.59808697998523,30.364315279196095,124.01939414001535,28.39827305811445,0.7611565200146287,0.05525225613585724
bert,imdb,bert_mean,none,5,0.85,0.013693063937629165,0.8486509631034568,0.014068248002574524,0.8477267688451898,0.014297756394616576,0.8916666666666667,0.015590239111558078,6.4,1.140175425099138,0.011886100005358457,0.0018983056691096554,0.01141399999614805,0.003976777829509452,239.76898526002188,26.054175197700868,150.69442853995133,26.167321672863874,1.3619426999706774,0.024920345513911354
classic,imdb,fasttext_cnn,df,5,0.758,0.024135036772294362,0.7571707233017149,0.023609215838783445,0.75717502891845,0.023016928903117368,0.7883333333333333,0.05483561292120701,18.6,8.264381404557755,0.05055491999955848,0.0035308749438825596,0.05025252000195905,0.002175398926249342,9.851728780000121,2.69039239393783,4.675809980000485,2.1958146958531293,0.008597039995947853,0.0004214206115895354
classic,imdb,fasttext_cnn,dfs,5,0.768,0.021965882636488816,0.7673501054620652,0.02154678497878621,0.7676594129554656,0.020804477012533778,0.795,0.041499665326629104,18.4,18.902380802428038,0.05748951999703422,0.00459820240775261,0.0636199199972907,0.007921812899121663,7.814423800000805,3.454322434133721,3.589533179998398,3.6406769345372774,0.008879639999940991,0.0010777511150439766
classic,imdb,fasttext_cnn,ig,5,0.774,0.01635542723379614,0.7736105947747975,0.016203048364431996,0.7743195729708887,0.01618646081614736,0.79,0.02725904538966021,13.6,11.674759098157015,0.06798234000161756,0.00269827517847116,0.07563973999931477,0.005459470581051371,7.233426619996317,2.1135970694234056,2.6645637200010244,2.1503821809266688,0.008061720000114292,0.0007765120062935163
classic,imdb,fasttext_cnn,none,5,0.732,0.040865633483405134,0.7311941279488583,0.0412790547461601,0.7341253373819163,0.039780498298384995,0.7483333333333333,0.042245972852121935,14.2,8.87130204648675,0.010411880002357066,0.0013370709511120742,0.010283620000700466,0.0008975037174417797,8.880557459997362,2.3870687133757644,3.5759992400038754,2.3123320771638376,0.01046661999716889,0.0031498751399982442
classic,imdb,fasttext_lstm,df,5,0.667,0.05274940757961173,0.6652597070694706,0.052052240520179816,0.6664702621939463,0.05105650433871662,0.6916666666666667,0.03061862178478974,16.0,7.615773105863909,0.05055491999955848,0.0035308749438825596,0.05025252000195905,0.002175398926249342,28.493731459998525,4.349691208866755,12.182996099995217,5.784940421789702,0.03130409999575932,0.0040786121208231775
classic,imdb,fasttext_lstm,dfs,5,0.779,0.017818529681205477,0.7777735593509563,0.017649314314768023,0.7780087237324079,0.01718259752854206,0.8066666666666666,0.04013864859597432,12.8,10.986355173577815,0.05748951999703422,0.00459820240775261,0.0636199199972907,0.007921812899121663,19.081075419994885,6.4397873653305435,7.548468120000325,6.947595642676677,0.02737994000199251,0.005108392626618244
classic,imdb,fasttext_lstm,ig,5,0.766,0.021035683967962647,0.7645531470529751,0.021658443677610738,0.7669021110468479,0.02096379131616287,0.815,0.03651483716701105,7.4,2.8809720581775866,0.06798234000161756,0.00269827517847116,0.07563973999931477,0.005459470581051371,18.38446353999607,2.7520510526624284,4.666027020002366,1.961491267790104,0.028838479999103585,0.0029079847654447447
classic,imdb,fasttext_lstm,none,5,0.723,0.04192254763250918,0.7221029660735386,0.042157022321382076,0.7233106805475227,0.04164972290067476,0.7366666666666667,0.03935239651039199,39.8,24.128820940941146,0.010411880002357066,0.0013370709511120742,0.010283620000700466,0.0008975037174417797,46.36623352000024,16.356097525006586,30.494713180008695,17.88308709040505,0.03517383999715094,0.007009649705498866
gcn,imdb,fasttext_residual_word_gcn,df,5,0.719,0.06308724118235003,0.7171514309000072,0.0625163106646571,0.716927053209948,0.06218380462591124,0.7783333333333333,0.02801289385661934,80.0,51.063685726747146,0.03673797999508679,0.004571791733322998,0.03970678000478074,0.00315192659001809,0.7872212200192734,0.37847321196910816,0.3549256399972364,0.2218370952014753,0.0012464600033126772,9.807954879609031e-05
gcn,imdb,fasttext_residual_word_gcn,dfs,5,0.801,0.042924352062669494,0.8003723657255504,0.043027795181280123,0.8014548390206285,0.04405848634290703,0.8183333333333334,0.027259045389660213,40.0,28.521921393903323,0.04141033999621868,0.0027899100256824514,0.048090800002682954,0.0026718457578198,0.45906523999292403,0.20305904413644454,0.16148147999774665,0.11283532802818673,0.0010156599921174348,0.0002380571961783927
gcn,imdb,fasttext_residual_word_gcn,ig,5,0.799,0.034713109915419545,0.7977041019871293,0.03526824565723977,0.7978370204357046,0.03469807914346411,0.8383333333333334,0.033124344857252956,52.4,34.355494465951146,0.050028619985096154,0.0022643362599822,0.0566586000029929,0.001516991252062995,0.5402650199714116,0.2354292161358353,0.2171141800004989,0.14537169657727314,0.0010361000080592931,0.00038933289418495806
gcn,imdb,fasttext_residual_word_gcn,none,5,0.737,0.04177319714841084,0.7339174587565775,0.04503520729548622,0.7351448332369385,0.04442206902663285,0.795,0.04772607021092117,56.2,35.8706007755655,0.008396600000560283,0.00043792233494015107,0.009689300018362702,0.0008144892382134364,1.858300539990887,0.7803173560245591,0.8561668800073676,0.5387183333931245,0.005938699992839247,0.00041768805817246423
classic,imdb,fasttext_wa,df,5,0.796,0.026786190471957717,0.795534131079495,0.02674162250359517,0.7960925149411991,0.026652782467306593,0.795,0.044331453594234634,47.0,19.685019685029527,0.05055491999955848,0.0035308749438825596,0.05025252000195905,0.002175398926249342,5.768638599998667,1.0986331072695628,3.8944973000034224,1.2070459140699352,0.006806719998712652,0.003215677156838646
classic,imdb,fasttext_wa,dfs,5,0.807,0.015247950681976864,0.8060465006249037,0.015274051365168935,0.8055837912087912,0.015174210021660478,0.8083333333333333,0.040397332145136064,25.0,16.015617378046965,0.05748951999703422,0.00459820240775261,0.0636199199972907,0.007921812899121663,3.1845157200004905,0.9062808220355895,1.7018875000008848,1.0633145553771284,0.004563119995873421,0.0011724088087644734
classic,imdb,fasttext_wa,ig,5,0.8130000000000001,0.03438749772809878,0.8125638341236275,0.034642331421636766,0.8126350732600732,0.03514781572646411,0.8099999999999999,0.027888667551135844,30.6,15.274161188098022,0.06798234000161756,0.00269827517847116,0.07563973999931477,0.005459470581051371,3.959023440000601,1.683853501545067,2.358080440002959,1.4802649654029791,0.005755739999585785,0.0024868093444846157
classic,imdb,fasttext_wa,none,5,0.8,0.024494897427831758,0.7997189675768023,0.02415226182065554,0.80038497686524,0.023667670190568268,0.8166666666666667,0.04823265376162596,33.4,20.489021450523204,0.010411880002357066,0.0013370709511120742,0.010283620000700466,0.0008975037174417797,4.2001220600010125,1.412399713182646,2.594528939999873,1.5365009725825394,0.0044250200036913155,0.0006393282448584904
classic,imdb,random_cnn,df,5,0.788,0.027294688127912352,0.7866397827527807,0.02731563531229906,0.7869695874301137,0.02757870657061102,0.8,0.033850160019316504,39.4,16.133815419794537,0.05055491999955848,0.0035308749438825596,0.05025252000195905,0.002175398926249342,14.867232479999075,4.557946476674643,9.787469899997813,4.576361091011467,0.01001601999741979,0.0033062627302634096
classic,imdb,random_cnn,dfs,5,0.782,0.02464751508773246,0.780257213090412,0.024660934576343593,0.7811293859649123,0.02384987918673928,0.7883333333333333,0.0447213595499958,37.8,20.32732151563506,0.05748951999703422,0.00459820240775261,0.0636199199972907,0.007921812899121663,12.0935518400016,5.485997987109905,7.670196839998243,4.518659649156121,0.008893120000720955,0.0008778661147644133
classic,imdb,random_cnn,ig,5,0.784,0.017818529681205477,0.7827548388759455,0.0199902327509629,0.7837567476383266,0.02033013854456264,0.8083333333333333,0.02041241452319317,26.6,11.970797801316335,0.06798234000161756,0.00269827517847116,0.07563973999931477,0.005459470581051371,9.776829060001182,2.0194110885658216,5.390230859996518,2.4079172157696487,0.008968600002117456,0.0016702854557092165
classic,imdb,random_cnn,none,5,0.753,0.02079663434308544,0.7479725466598864,0.020710738321011845,0.74891832947754,0.02029346760164839,0.77,0.03845993586404776,29.0,12.144957801491119,0.010411880002357066,0.0013370709511120742,0.010283620000700466,0.0008975037174417797,11.80268575999944,2.6550482531970596,7.009582079999381,2.859206464750596,0.010571440003695897,0.003373261839040411
classic,imdb,random_lstm,df,5,0.581,0.02434132288927616,0.5797683818971658,0.025229735691884327,0.5806512675920571,0.025100912682738664,0.6416666666666666,0.030618621784789714,16.0,14.38749456993816,0.05055491999955848,0.0035308749438825596,0.05025252000195905,0.002175398926249342,28.446900599999935,8.140606322391513,12.30886781999725,10.559448516876735,0.03847637999861035,0.004474120131093922
classic,imdb,random_lstm,dfs,5,0.735,0.032596012026013275,0.7346695896883267,0.03246542347654444,0.7352770146520147,0.032382217429809394,0.7433333333333334,0.04099457958749613,24.6,22.54550953072474,0.05748951999703422,0.00459820240775261,0.0636199199972907,0.007921812899121663,25.839363879995652,12.92270820154252,13.768334219997632,12.43495424665026,0.02648248000186868,0.004578447113114974
classic,imdb,random_lstm,ig,5,0.748,0.021965882636488816,0.7473994027799393,0.022344729512870934,0.7473542028147291,0.022525594219191418,0.755,0.04844813951249545,24.0,8.888194417315589,0.06798234000161756,0.00269827517847116,0.07563973999931477,0.005459470581051371,28.069619879999664,7.261230984043353,15.048874000002979,5.376702238479813,0.027860719998716376,0.00518495223233131
classic,imdb,random_lstm,none,5,0.573,0.057727809589486416,0.570625652075509,0.05890247548332878,0.572975226527858,0.058133085246118994,0.6283333333333333,0.04772607021092119,14.2,14.411800720243116,0.010411880002357066,0.0013370709511120742,0.010283620000700466,0.0008975037174417797,29.184707100002562,11.442453591660662,11.324846559995786,11.537566342119993,0.039482320001116025,0.008879479887413366
classic,imdb,random_wa,df,5,0.754,0.03489269264473584,0.752931291054551,0.034152801989277115,0.7527593021014074,0.03395020618749509,0.7883333333333333,0.03312434485725301,53.8,37.38582619121851,0.05055491999955848,0.0035308749438825596,0.05025252000195905,0.002175398926249342,6.253293680000934,3.5369927174305413,5.085996420000447,4.0677047812155225,0.005581339995842427,0.0012146681809155858
classic,imdb,random_wa,dfs,5,0.794,0.02103568396796262,0.792264111022772,0.022309432251730585,0.792032967032967,0.02241123072857353,0.7999999999999999,0.03726779962499649,39.4,13.939153489362258,0.05748951999703422,0.00459820240775261,0.0636199199972907,0.007921812899121663,4.002315140000428,1.045640038887816,2.7358113199967193,1.13493464405461,0.005151499997009523,0.0028190231060139584
classic,imdb,random_wa,ig,5,0.792,0.0309434968935316,0.791421218255532,0.031061158684353544,0.7912898833622518,0.031169888020750477,0.8033333333333333,0.022515426810177125,34.0,15.763882770434446,0.06798234000161756,0.00269827517847116,0.07563973999931477,0.005459470581051371,3.828626660001464,1.3072869141340626,2.4707005199976266,1.5738870998742953,0.004228860000148415,0.0008518944481428611
classic,imdb,random_wa,none,5,0.782,0.02280350850198274,0.781506691397238,0.022254495926929872,0.7821647869674185,0.021554645502441547,0.7999999999999999,0.04409585518440985,48.8,13.6088206689632,0.010411880002357066,0.0013370709511120742,0.010283620000700466,0.0008975037174417797,5.511500880002859,0.9318839460028674,3.7131268399971304,0.9616690081388356,0.0041641399991931395,0.0005078500352338153
bert,pang_lee,bert_bilstm_attention,df,5,0.698,0.024647515087732445,0.6935266876082807,0.028369714028864873,0.6977897789778978,0.02575089056793815,0.7466666666666667,0.04510789534241453,3.0,1.5811388300841898,0.010076880012638867,0.003360345320205563,0.010084700002335013,0.0012961284001960516,92.90930159999989,6.724964077236703,38.42306953996886,20.62872122117755,0.408667719992809,0.04085482547563689
bert,pang_lee,bert_bilstm_attention,dfs,5,0.703,0.03615936946352909,0.6984674018736325,0.03853030522987085,0.7022002200220022,0.03623911411093788,0.7116666666666667,0.036132472314464655,8.0,3.5355339059327378,0.01387961998116225,0.003049899809227067,0.01165939997881651,0.00164048049426451,141.05750223996583,30.692138281109536,100.36726734002586,44.76347506334539,0.3357607600046322,0.019487268018847804
bert,pang_lee,bert_bilstm_attention,ig,5,0.685,0.02091650066335186,0.6813147835883455,0.02096084428418485,0.6841184118411842,0.020824276116077796,0.7033333333333334,0.017280367794439762,7.2,5.167204273105526,0.017999720014631748,0.005952810322353371,0.01813831999897957,0.0046681453518211975,133.69167494000868,52.51205931008843,90.72056823996827,65.17902945744846,0.33205936001613734,0.018534889320484894
bert,pang_lee,bert_bilstm_attention,none,5,0.805,0.026692695630078256,0.8042427967546162,0.026622635109863763,0.8051105110511051,0.026198864846402103,0.8416666666666667,0.02041241452319317,4.2,2.16794833886788,0.0021194600267335773,0.001043709126795807,0.0018227400025352836,0.0009538455363012139,105.77953471997753,20.361414962101865,53.41049881998915,26.499295380671725,0.486623499984853,0.04167205614299281
bert,pang_lee,bert_cls,df,5,0.713,0.028416544476765625,0.7113510832343367,0.028318663864505874,0.7126612661266126,0.028251041862063144,0.7466666666666667,0.03979112128771108,13.2,3.420526275297414,0.010076880012638867,0.003360345320205563,0.010084700002335013,0.0012961284001960516,174.96810013998765,34.21068557176006,143.82895609999542,38.82150415001358,0.31223782000597566,0.01708220324977546
bert,pang_lee,bert_cls,dfs,5,0.676,0.03416869912653977,0.6729069977155323,0.03300415621032596,0.6753075307530753,0.03373613587818748,0.7066666666666667,0.06106690320187085,3.6,0.8944271909999159,0.01387961998116225,0.003049899809227067,0.01165939997881651,0.00164048049426451,81.68623475998174,8.564549258104766,38.80287651999388,10.16721998853703,0.29411414000205693,0.01750338570819529
bert,pang_lee,bert_cls,ig,5,0.697,0.03456877203488719,0.6937470328707217,0.03681046031236212,0.6963796379637964,0.03473980942381831,0.7183333333333334,0.03248931448269656,6.6,4.505552130427524,0.017999720014631748,0.005952810322353371,0.01813831999897957,0.0046681453518211975,113.78012986001559,43.72988184466034,74.22002848000265,52.054789088509885,0.30591251999139785,0.030819738782876454
bert,pang_lee,bert_cls,none,5,0.8119999999999999,0.017535677916750144,0.8116013408881027,0.017865078069280286,0.8119211921192119,0.017841816412553873,0.84,0.022360679774997918,5.6,2.3021728866442674,0.0021194600267335773,0.001043709126795807,0.0018227400025352836,0.0009538455363012139,101.96475872003938,21.4703245125554,61.804674439970405,24.43810444230451,0.3986716599902138,0.017759243310178557
bert,pang_lee,bert_cnn,df,5,0.712,0.020186629238186368,0.7108761954202344,0.020242341684747645,0.7121312131213121,0.020359632825387865,0.7466666666666667,0.037546267753562707,5.8,1.9235384061671346,0.010076880012638867,0.003360345320205563,0.010084700002335013,0.0012961284001960516,114.56339320000261,17.15737504187456,68.39978870002088,24.658257929588185,0.3366537200054154,0.019225487327556086
bert,pang_lee,bert_cnn,dfs,5,0.699,0.02583602136552759,0.6970960771000957,0.02442812813815981,0.6985798579857986,0.02513569382974798,0.7083333333333334,0.02946278254943947,5.8,3.8340579025361627,0.01387961998116225,0.003049899809227067,0.01165939997881651,0.00164048049426451,112.86241467997897,39.693650086593614,70.89922598002013,46.50525642593043,0.3228148400085047,0.01966850785156262
bert,pang_lee,bert_cnn,ig,5,0.675,0.02371708245126281,0.6716670052250433,0.02571916752972141,0.6742774277427743,0.02393331997515114,0.7016666666666667,0.025954019170662396,3.8,2.280350850198276,0.017999720014631748,0.005952810322353371,0.01813831999897957,0.0046681453518211975,97.81044088001363,17.02773982844063,47.28592906002886,29.76392089815467,0.32008875999599695,0.0226947296536047
bert,pang_lee,bert_cnn,none,5,0.814,0.025347583711273117,0.8129651670212303,0.026246876556481186,0.814001400140014,0.02503604610262678,0.8483333333333334,0.02595401917066242,6.2,3.5637059362410923,0.0021194600267335773,0.001043709126795807,0.0018227400025352836,0.0009538455363012139,114.99426237998996,37.15250871955153,74.45385881997645,38.757869080876816,0.43420562003739177,0.009827247188224659
bert,pang_lee,bert_mean,df,5,0.7,0.03335416016031581,0.6973607350240314,0.03453741918660935,0.6998299829982998,0.0329424312992217,0.735,0.056947831877566274,3.2,2.16794833886788,0.010076880012638867,0.003360345320205563,0.010084700002335013,0.0012961284001960516,83.23752374001779,16.779531954514866,35.15980229999404,23.985493947633596,0.3309599000494927,0.023007324601477627
bert,pang_lee,bert_mean,dfs,5,0.704,0.023021728866442638,0.6990131192682685,0.027001202128841707,0.7032903290329033,0.02365092741690843,0.7116666666666667,0.05387743291748205,5.8,3.3466401061363023,0.01387961998116225,0.003049899809227067,0.01165939997881651,0.00164048049426451,107.89315306001808,30.284505301415738,63.727242840011606,39.13595742621788,0.28407976001035423,0.015811173478375753
bert,pang_lee,bert_mean,ig,5,0.696,0.019493588689617886,0.693678317961851,0.020245609366983105,0.6952895289528953,0.019594611144845286,0.7,0.039086797998528586,4.6,1.3416407864998738,0.017999720014631748,0.005952810322353371,0.01813831999897957,0.0046681453518211975,89.92244551999029,14.53724923495755,51.28240126001183,15.350503261601405,0.2996367600047961,0.03168636715959136
bert,pang_lee,bert_mean,none,5,0.803,0.033466401061363,0.8026923310342509,0.03376373486980866,0.8028502850285029,0.03369620268607057,0.8583333333333333,0.027003086243366108,5.2,1.7888543819998317,0.0021194600267335773,0.001043709126795807,0.0018227400025352836,0.0009538455363012139,96.65673731998541,17.350030152428168,55.38807526002638,20.76176872355283,0.3745578399626538,0.02102775944085857
classic,pang_lee,fasttext_cnn,df,5,0.642,0.02079663434308544,0.6408470252440529,0.020608492634540364,0.6420842084208421,0.021074678502254175,0.6733333333333333,0.018066236157232324,15.2,8.136338242723197,0.013099399997736327,0.004848234364123577,0.012064559996360913,0.0033092236975497606,5.451025580003625,1.0356569682810228,2.1792334600002503,1.1283585389721877,0.005779500002972782,0.0005942393218825157
classic,pang_lee,fasttext_cnn,dfs,5,0.674,0.02770379035439012,0.6711094882681572,0.027695052593664636,0.6732273227322733,0.02771327023989097,0.6966666666666667,0.021730674684008803,13.6,12.621410380777577,0.011801340003148652,0.001815567372837269,0.013292299999739044,0.0009471425920254875,5.049776040000142,1.4309203336293452,2.044896039995365,1.8963088569000608,0.006731759998365306,0.002699896127487453
classic,pang_lee,fasttext_cnn,ig,5,0.668,0.0432434966208793,0.6648701436223784,0.04556417828465961,0.6672467246724673,0.043623647090618986,0.6683333333333333,0.013693063937629162,8.0,4.06201920231798,0.015375680004945025,0.004162994202560081,0.015057539998088032,0.0037554976954594496,4.410296600003494,0.7081152817022883,1.2043733799975598,0.6968044865163021,0.004841919997124933,0.0005146081323191636
classic,pang_lee,fasttext_cnn,none,5,0.683,0.009746794344808919,0.6826791813556993,0.009815656585975404,0.6831783178317832,0.00958795519689586,0.6916666666666667,0.022821773229381913,8.2,2.6832815729997477,0.0028247600013855843,0.0016348988463068391,0.0021269400051096453,0.0008077595360660468,4.678926719995798,0.7561205339506583,1.2431554599956143,0.4811748744928422,0.005032179999398067,0.001696530730765656
classic,pang_lee,fasttext_lstm,df,5,0.635,0.009354143466934861,0.6332735224698481,0.009454357567540572,0.6348334833483348,0.00928913379914765,0.6683333333333333,0.027888667551135848,11.2,10.353743284435827,0.013099399997736327,0.004848234364123577,0.012064559996360913,0.0033092236975497606,9.015253000007942,3.0052072921151995,3.0944562200049406,2.927264477441989,0.011427780005033129,0.003591085140358463
classic,pang_lee,fasttext_lstm,dfs,5,0.673,0.04071240597164455,0.6723965979553977,0.04060847221550553,0.6727372737273728,0.040679007974508685,0.7066666666666667,0.006972166887783991,8.6,4.03732584763727,0.011801340003148652,0.001815567372837269,0.013292299999739044,0.0009471425920254875,6.5399674599990245,0.9395320263098357,1.8408338200009893,0.8393043081019277,0.009880880001583136,0.0016646656847111455
classic,pang_lee,fasttext_lstm,ig,5,0.66,0.04401704215414751,0.6595979604232357,0.04443473903799884,0.6598259825982599,0.04425724201876103,0.6866666666666666,0.018257418583505547,12.8,6.099180272790763,0.015375680004945025,0.004162994202560081,0.015057539998088032,0.0037554976954594496,6.708262780000223,1.2426569564988823,2.610675919998903,1.4401409504007021,0.011130819999380037,0.00429708017280773
classic,pang_lee,fasttext_lstm,none,5,0.665,0.02318404623873928,0.6605798783764361,0.020925171396803527,0.6649164916491649,0.022753896211004345,0.6733333333333333,0.04056887148212695,6.6,3.507135583350036,0.0028247600013855843,0.0016348988463068391,0.0021269400051096453,0.0008077595360660468,8.170974859996932,1.2066811902553265,1.9246852799959016,0.9865406383206627,0.014145300001837313,0.002541801155125756
gcn,pang_lee,fasttext_residual_word_gcn,df,5,0.671,0.01746424919657295,0.6702736512021248,0.01743665032959321,0.6707570757075708,0.0173958621567853,0.7033333333333334,0.03754626775356266,36.8,14.237275020171522,0.008015399996656925,0.0005906591547430357,0.009069899981841444,0.001997467070011454,0.42938525999197735,0.09588235349978298,0.14964598000515253,0.05827139233754851,0.001062579988501966,0.00024873867946419815
gcn,pang_lee,fasttext_residual_word_gcn,dfs,5,0.649,0.02583602136552765,0.6452756897708577,0.025959286072870295,0.6485948594859486,0.024932109132543494,0.72,0.03845993586404779,29.4,13.049904214207858,0.009714900003746151,0.001481861229235544,0.01009614000795409,0.0012793180587128859,0.3816310599911958,0.10805587796823542,0.11905122000025585,0.06009246001463283,0.0010769400163553656,0.0004492433226016015
gcn,pang_lee,fasttext_residual_word_gcn,ig,5,0.672,0.025149552679918565,0.6690065878958055,0.025858203947649858,0.6711671167116712,0.025193862145186346,0.72,0.03613247231446465,41.2,18.99210362229524,0.010796999977901577,0.0007597297079104847,0.011710600019432605,0.0009445394451749616,0.45792822000803424,0.12693308325215186,0.16118457998381927,0.06975078522026583,0.0008351200027391315,0.0002607388710624064
gcn,pang_lee,fasttext_residual_word_gcn,none,5,0.67,0.024238399287081627,0.6693541749767645,0.024208902171672,0.6703070307030703,0.0244088795876134,0.73,0.045871196481742926,25.6,12.720062892926277,0.0017253000056371092,0.0006243778944413115,0.0016798400087282062,0.0006779273239090075,0.380089199997019,0.09310553903518183,0.11103495999705046,0.05530796368894458,0.0012937799911014736,0.000147764636433329
classic,pang_lee,fasttext_wa,df,5,0.639,0.03731621631409057,0.6383503100250925,0.03673077424642633,0.638993899389939,0.03767588260719747,0.6816666666666666,0.023124061542519354,19.8,13.917614738165446,0.013099399997736327,0.004848234364123577,0.012064559996360913,0.0033092236975497606,2.239140140003292,0.6187282268702912,1.009684040004504,0.6649842239247487,0.006263519998174161,0.0028877179362033953
classic,pang_lee,fasttext_wa,dfs,5,0.66,0.05062114182829147,0.6597102452440022,0.050762209589093,0.6598459845984598,0.050784412328159695,0.7016666666666667,0.010865337342004431,18.8,9.06642156531451,0.011801340003148652,0.001815567372837269,0.013292299999739044,0.0009471425920254875,2.1945836599974426,0.5337335028245931,0.9948252000031061,0.5016668098486228,0.005245680001098663,0.0030389362460230087
classic,pang_lee,fasttext_wa,ig,5,0.664,0.04421538193886827,0.6634579698654033,0.04428773144390779,0.6637663766376637,0.044249057348552126,0.695,0.015138251770487445,20.4,7.021395872616783,0.015375680004945025,0.004162994202560081,0.015057539998088032,0.0037554976954594496,2.4310816800047177,0.3599578341119797,1.0890298999962398,0.36717180705750335,0.003361159996711649,0.0002009431591370665
classic,pang_lee,fasttext_wa,none,5,0.665,0.029790938219532458,0.6645624696871817,0.029559962397267034,0.6651165116511651,0.029754719118293263,0.6933333333333334,0.029697549468675772,20.2,10.848963084092414,0.0028247600013855843,0.0016348988463068391,0.0021269400051096453,0.0008077595360660468,2.3818976599985033,0.7119470850198507,1.1128532000031555,0.6694239358788941,0.00305579999985639,0.00047001546216324713
classic,pang_lee,random_cnn,df,5,0.596,0.034168699126539775,0.5949418457766757,0.03316490814166128,0.5961596159615962,0.03401569714058079,0.6416666666666666,0.04124789556921527,25.8,12.296340919151518,0.013099399997736327,0.004848234364123577,0.012064559996360913,0.0033092236975497606,6.933505380002316,1.3222280743709902,3.73773499999952,1.5115204376813998,0.00838291999825742,0.002668992888903188
classic,pang_lee,random_cnn,dfs,5,0.627,0.02361143790623521,0.6248118091554884,0.02525736597391357,0.6265926592659267,0.02371994459369475,0.6416666666666666,0.03908679799852861,12.4,10.114346246792227,0.011801340003148652,0.001815567372837269,0.013292299999739044,0.0009471425920254875,4.8679931199993005,1.2923852562984428,1.7358726999984355,1.4212442541260764,0.006363099999725818,0.0005054567107773835
classic,pang_lee,random_cnn,ig,5,0.623,0.041773197148410886,0.614497478482997,0.04614142397582244,0.6218521852185219,0.04219116022343141,0.6533333333333333,0.028012893856619328,19.4,18.568791021496256,0.015375680004945025,0.004162994202560081,0.015057539998088032,0.0037554976954594496,6.366937460002373,3.5544919560671757,3.099227200000314,3.4277129387291776,0.00609239999903366,0.0009853913642961349
classic,pang_lee,random_cnn,none,5,0.613,0.026598872156540797,0.6034240215158507,0.036632763628463495,0.6125712571257126,0.026736813839616128,0.6366666666666667,0.032058973436118916,26.0,19.73575435599055,0.0028247600013855843,0.0016348988463068391,0.0021269400051096453,0.0008077595360660468,7.210800999996718,2.9658509635473296,4.087375919998157,3.161605463190467,0.008427159997518174,0.003065832866368117
classic,pang_lee,random_lstm,df,5,0.596,0.049421655172606285,0.5941412267643026,0.04961027137448416,0.5962996299629963,0.04920752993177556,0.6266666666666667,0.05048377076953652,17.8,12.070625501605125,0.013099399997736327,0.004848234364123577,0.012064559996360913,0.0033092236975497606,10.082789979997324,2.8599455593080436,4.855045160005102,3.381480509628757,0.009790200003772042,0.0008387597382259475
classic,pang_lee,random_lstm,dfs,5,0.619,0.022192341021172166,0.6160371568084209,0.02293037474114655,0.6183318331833183,0.022173950525324535,0.645,0.05089477161534159,22.0,23.15167380558045,0.011801340003148652,0.001815567372837269,0.013292299999739044,0.0009471425920254875,8.980232620003516,4.378245976966999,4.7798724200023575,5.063211782774276,0.00981197999790311,0.002561931392082855
classic,pang_lee,random_lstm,ig,5,0.613,0.02928310092869267,0.6104531141480549,0.030845691669380625,0.6125112511251125,0.029442012630817724,0.6583333333333333,0.030618621784789725,12.6,10.13903348450926,0.015375680004945025,0.004162994202560081,0.015057539998088032,0.0037554976954594496,6.697458579999511,1.7029464118829785,2.466799919999903,2.0065529173051653,0.012172499997541308,0.0036139971723607982
classic,pang_lee,random_lstm,none,5,0.565,0.03791437722025774,0.562102921146899,0.03795955747083837,0.5653665366536654,0.038193500547990956,0.6033333333333334,0.05546520430764579,8.2,8.46758525200662,0.0028247600013855843,0.0016348988463068391,0.0021269400051096453,0.0008077595360660468,8.667646180000157,2.8969357652403076,2.5441285999986576,2.8455600490979847,0.013741019999724813,0.005677656487731632
classic,pang_lee,random_wa,df,5,0.635,0.024238399287081668,0.6344634217739838,0.02451345134191488,0.6349734973497351,0.024531400324940358,0.655,0.03845993586404779,67.4,28.474550040343043,0.013099399997736327,0.004848234364123577,0.012064559996360913,0.0033092236975497606,4.6348372799984645,1.5592114141979712,3.489318459999049,1.487974111758327,0.007272399999783375,0.004732072762279936
classic,pang_lee,random_wa,dfs,5,0.663,0.04324349662087929,0.6625063040056666,0.043430179217714214,0.6627162716271627,0.04328856386175503,0.6833333333333333,0.023570226039551608,47.2,16.330952207388275,0.011801340003148652,0.001815567372837269,0.013292299999739044,0.0009471425920254875,3.581303500002832,0.8231326367109725,2.380381079998915,0.8000265593866241,0.003564299998106435,0.0006976245277420782
classic,pang_lee,random_wa,ig,5,0.666,0.05017469481720839,0.6655183460998775,0.050499462336081706,0.6657865786578658,0.05018988473503102,0.6749999999999999,0.01954339899926428,46.6,22.277791632026727,0.015375680004945025,0.004162994202560081,0.015057539998088032,0.0037554976954594496,3.8646966000000247,1.5282386015692973,2.5367677799978994,1.2932425483883128,0.004475500000989996,0.0018967970928650548
classic,pang_lee,random_wa,none,5,0.647,0.02564176280991619,0.6468912298393753,0.025604673561780776,0.6470347034703471,0.025623613276541852,0.6633333333333333,0.02400810048481323,33.8,17.79606698121807,0.0028247600013855843,0.0016348988463068391,0.0021269400051096453,0.0008077595360660468,3.14849424000131,0.9929678644839759,1.8522080199996709,1.0092446014610124,0.003294500001356937,0.0001185466819634405
bert,reuters8,bert_bilstm_attention,df,5,0.9579978786271687,0.011301236759110987,0.8162846070129303,0.04477850173734463,0.8221257803429158,0.04396553609369834,0.9685121651966572,0.01585404583647687,7.0,0.7071067811865476,0.031845959997735915,0.005207326250766212,0.033337719994597136,0.002878107061993714,251.718963459949,13.336223491394039,163.9327419000212,15.229849092908731,1.3954133800230921,0.053086390354949914
bert,reuters8,bert_bilstm_attention,dfs,5,0.9539419400459631,0.013472748442470385,0.8585610952776263,0.061239763440711394,0.8606499869402136,0.052782582224288756,0.9618312614301919,0.007245642540161872,7.0,3.4641016151377544,0.03787835997063667,0.0015169327027815466,0.04342624000273645,0.00403225743994781,229.8448660200229,65.40159901675567,151.7687951799715,75.10350053138782,1.288378379982896,0.03925121461988271
bert,reuters8,bert_bilstm_attention,ig,5,0.9489767659166098,0.024726114768065098,0.8496631227896788,0.07278055542136651,0.86367572158978,0.07000678525921912,0.9585392504109082,0.015313752453333213,5.6,1.816590212458495,0.046774319978430866,0.001961476911688648,0.053493039985187354,0.0038267914317281384,215.37804408001247,34.07839259091932,127.95235068004112,43.412812331910004,1.3457377000013366,0.03381706058364887
bert,reuters8,bert_bilstm_attention,none,5,0.9520177791246811,0.02441091389668919,0.8644112890754156,0.078454553283874,0.8692320440022565,0.06830096886036853,0.9717486168020928,0.009509143043364685,5.4,1.6733200530681511,0.0042699399869889024,0.00022798250041470354,0.003906679968349635,0.00044126457987585114,236.74609896000476,37.853352086357155,137.31635628005023,43.13374591748874,1.525205160002224,0.06230240335241907
bert,reuters8,bert_cls,df,5,0.9590131070535647,0.013667132059677425,0.8376516013421954,0.07676746627340057,0.8419988518456601,0.07952249944635856,0.9635394819084658,0.020648642167896393,11.4,2.8809720581775866,0.031845959997735915,0.005207326250766212,0.033337719994597136,0.002878107061993714,285.14123788003343,51.08420536304767,221.86987332000862,56.660844936972126,1.1727734200423583,0.02365902077518952
bert,reuters8,bert_cls,dfs,5,0.949957168472359,0.006977668429271912,0.8517671092493858,0.043559487701152574,0.8447595529825296,0.034172021067191874,0.9618448040373174,0.014919616293058479,9.6,2.8809720581775866,0.03787835997063667,0.0015169327027815466,0.04342624000273645,0.00403225743994781,233.89405841999687,46.2351335645802,172.0009432000108,52.576271704152106,1.0907042800216005,0.02315979364952336
bert,reuters8,bert_cls,ig,5,0.9559671187211152,0.018098956277401993,0.8283768388980622,0.049544645133017255,0.8376009215196528,0.05625891952280292,0.9602336967844989,0.022829534197871117,10.8,4.08656334834051,0.046774319978430866,0.001961476911688648,0.053493039985187354,0.0038267914317281384,266.36318372001404,67.88771006895837,203.29234499998856,75.93418739390405,1.1385235200403259,0.04353781367638934
bert,reuters8,bert_cls,none,5,0.9559826502007728,0.01840947905058306,0.851039782430854,0.044423174037575244,0.8763446968106641,0.03327746516035647,0.9717899391161423,0.009345529897097813,9.0,1.8708286933869707,0.0042699399869889024,0.00022798250041470354,0.003906679968349635,0.00044126457987585114,263.48220302001573,35.99395925063681,189.53308170002418,39.99662491957707,1.2879007600015029,0.09291639479499057
bert,reuters8,bert_cnn,df,5,0.954977372023133,0.013566532053472862,0.840888479954597,0.03237847770103483,0.8634742028186747,0.03986972843594579,0.9735123966942149,0.019727023441524077,5.4,1.949358868961793,0.031845959997735915,0.005207326250766212,0.033337719994597136,0.002878107061993714,188.73231806003022,35.019264435726576,108.83433884000405,39.34768475811664,1.2357429000083358,0.04539662952088519
bert,reuters8,bert_cnn,dfs,5,0.9499770689698714,0.019553760521003063,0.8415730789844796,0.054293762584234455,0.8378659550323498,0.04674671083860173,0.9618450355348751,0.014899491282002797,5.2,2.04939015319192,0.03787835997063667,0.0015169327027815466,0.04342624000273645,0.00403225743994781,171.79097934002056,34.224930571210244,97.99015139997937,40.067955429291295,1.112020040000789,0.032427174572835615
bert,reuters8,bert_cnn,ig,5,0.9560532111018512,0.02137880070135623,0.8654716209259264,0.07180376907261901,0.8648138889779473,0.06477429543665672,0.963553256013149,0.025121641599972495,6.4,2.3021728866442674,0.046774319978430866,0.001961476911688648,0.053493039985187354,0.0038267914317281384,200.15428819998633,39.549058710239954,126.14494861999992,46.22252140961523,1.185703680012375,0.023768761687100685
bert,reuters8,bert_cnn,none,5,0.9640283354799606,0.019612391257930704,0.8898904085287593,0.07866058315135169,0.8998298993028758,0.061828072060878536,0.9817628539018913,0.009009149009784723,5.0,2.0,0.0042699399869889024,0.00022798250041470354,0.003906679968349635,0.00044126457987585114,195.37450089999476,39.08104139473933,110.31420429998543,45.185437481472476,1.3191041399957613,0.0474941701239407
bert,reuters8,bert_mean,df,5,0.9539823471475112,0.015017181923791869,0.8596191070818738,0.07192861505957232,0.8689175423339371,0.07043755447647444,0.9652341597796144,0.02506311803947909,5.8,1.3038404810405297,0.031845959997735915,0.005207326250766212,0.033337719994597136,0.002878107061993714,187.37259817996528,21.67301732041897,112.3138708599843,25.5344554381186,1.1888015199685469,0.07255853704131789
bert,reuters8,bert_mean,dfs,5,0.9479568654190974,0.013441792979442348,0.8318392793652456,0.06715884485137547,0.8414548266566209,0.05782850838520965,0.9618172558279511,0.007255492145116844,5.2,1.6431676725154984,0.03787835997063667,0.0015169327027815466,0.04342624000273645,0.00403225743994781,163.3052149400115,25.766039784405073,92.7944584999932,28.978289295515346,1.0807183600030839,0.04132483630568388
bert,reuters8,bert_mean,ig,5,0.9569975755739071,0.017710242818759596,0.8667341920900248,0.05894275047899556,0.877211058108607,0.05177910844133399,0.9635257078037827,0.01894227378881089,7.8,3.1144823004794873,0.046774319978430866,0.001961476911688648,0.053493039985187354,0.0038267914317281384,215.66718618001323,51.595565546292754,147.19970784001052,58.70015560126452,1.154557939991355,0.02514773537545469
bert,reuters8,bert_mean,none,5,0.9649829532540344,0.016120193488410983,0.8756990959216777,0.07185830422789742,0.8862147802431702,0.06787359765987755,0.9734430631756835,0.006882374580153098,6.4,1.949358868961793,0.0042699399869889024,0.00022798250041470354,0.003906679968349635,0.00044126457987585114,214.1644225000171,37.10388571301185,134.68793325999286,41.66967257527555,1.3015570599818602,0.05152898829110372
classic,reuters8,fasttext_cnn,df,5,0.9338201126347956,0.02039339875205351,0.6827053988787843,0.07670475602498325,0.6828295805372159,0.08031834657157438,0.9519554598698984,0.02279324849669653,39.4,18.981570008826985,0.033046999998623504,0.007129638025600461,0.03192138000158593,0.0016669072541180233,13.248013899999204,4.754547886432252,9.26059949999908,5.297503184045268,0.00897339999792166,0.0014831982202559218
classic,reuters8,fasttext_cnn,dfs,5,0.9258397100790464,0.01698292316577673,0.6910763753966487,0.07726666277796808,0.6908421704767147,0.0738567650752591,0.9419687709794662,0.022418585864609562,30.2,13.179529581893277,0.04172697999456432,0.008886194168818085,0.03798932000354398,0.0071881991704405585,11.825633100001141,3.0734883274606624,7.1351822399999945,3.4013356342105654,0.009352320001926272,0.0033136067163763118
classic,reuters8,fasttext_cnn,ig,5,0.9328300628835517,0.01781512770550947,0.7151195418379338,0.08933177964331668,0.7070529473832463,0.09243420689985271,0.9453021043127995,0.02882919686266569,23.2,8.899438184514796,0.04871476000116672,0.0060082040351654995,0.049941799996304326,0.008569650310191744,10.461277279999923,2.3282306569634184,5.367461560000083,1.9316212989945047,0.009317160001955926,0.002474346288923174
classic,reuters8,fasttext_cnn,none,5,0.932819809581534,0.02053861053865896,0.7153707468590296,0.10500020011766253,0.7132988804334246,0.096032857315194,0.9369269856703012,0.01590550309663504,36.4,15.533834040570923,0.0050767000007908795,0.0004973006929121603,0.0061136800009990114,0.003446674812350656,13.137641640001675,2.8857367145133144,8.722145040004397,3.6879033759241255,0.007973719999426976,0.0006327515369192673
classic,reuters8,fasttext_lstm,df,5,0.8668276384574589,0.015182834108107793,0.5637250421614118,0.1199459454901818,0.5607125951939477,0.11142971531194241,0.8919522189040906,0.016252091908030262,35.2,24.570307283385773,0.033046999998623504,0.007129638025600461,0.03192138000158593,0.0016669072541180233,38.85941424000193,15.989119503547453,25.48229685999977,17.04934353398867,0.037245559997973035,0.007121299969870403
classic,reuters8,fasttext_lstm,dfs,5,0.8778481450614946,0.012817348097498304,0.588852723329425,0.054297242274123206,0.6047731774950299,0.05756280344018532,0.9069671504965623,0.01797116804825352,34.6,8.203657720797473,0.04172697999456432,0.008886194168818085,0.03798932000354398,0.0071881991704405585,37.164002219997926,5.611330380638843,24.74419435999589,5.47623589136916,0.03887942000001203,0.016319894772001665
classic,reuters8,fasttext_lstm,ig,5,0.8649187059625729,0.022015489935099643,0.5937974200931858,0.10326566809166723,0.606343473847221,0.10435281477147508,0.8887017616964141,0.017280462147472562,35.0,9.0,0.04871476000116672,0.0060082040351654995,0.049941799996304326,0.008569650310191744,38.75536971999973,6.457233342042688,25.932527520001166,8.121895281986344,0.041236280000885014,0.008909785051251458
classic,reuters8,fasttext_lstm,none,5,0.8388012475692602,0.019771252202392866,0.5221774935318632,0.08169571628805573,0.5314835300380177,0.08154914182079999,0.8653259485612427,0.026674085221970675,42.6,18.95521036549054,0.0050767000007908795,0.0004973006929121603,0.0061136800009990114,0.003446674812350656,44.85662671999889,11.517458184831558,31.327167339998415,13.500666291465379,0.038454220001585784,0.009825709138654892
gcn,reuters8,fasttext_residual_word_gcn,df,5,0.8689656034548072,0.08704273181192322,0.557884334402301,0.20426255341151345,0.54666267096361,0.184686597162243,0.8906186772229553,0.09322993624071635,103.8,55.16973808166937,0.02425809999695048,0.0013284796587104098,0.025378260016441345,0.0014509548941198374,0.9141772800008766,0.39327916704252913,0.4274646799894981,0.22778952253799467,0.001066259981598705,0.00020334599230507344
gcn,reuters8,fasttext_residual_word_gcn,dfs,5,0.8549802257746799,0.1050123980310152,0.5522913315172376,0.21385551402283978,0.5478084662085501,0.19994116445587704,0.8889520105562887,0.08819371867658156,93.4,64.66683848774424,0.03210219998145476,0.002149883384486407,0.031158060010056943,0.0011624749201602858,0.8277429000008851,0.4521639785079027,0.37329752000514416,0.2555729740343575,0.0010862000053748488,0.00024225170761066968
gcn,reuters8,fasttext_residual_word_gcn,ig,5,0.8509292623178524,0.1026453772843308,0.5519354424125101,0.21012493198362175,0.546368376818033,0.19319587824315984,0.8773539829154803,0.08392370847680684,76.4,45.069945640082594,0.03582813999382779,0.0025281050828151143,0.03740464000729844,0.001242132972999188,0.7072386000072584,0.31189168150778407,0.3081184600130655,0.17943888435392616,0.0010402000043541193,8.241535813272857e-05
gcn,reuters8,fasttext_residual_word_gcn,none,5,0.8888841831451878,0.0163633447496264,0.6051120160326685,0.06898800587644731,0.5878152683662073,0.0781318357428763,0.9219122855753872,0.023868326586298873,123.8,44.25720280361153,0.003921040007844568,0.000366136557228552,0.0037543399957939982,0.000529558214761365,1.695295719988644,0.46121388292562804,0.9014378399937414,0.3295941680124501,0.002615279983729124,3.45201546143275e-05
classic,reuters8,fasttext_wa,df,5,0.932910877086648,0.026352117713918353,0.6491489796344304,0.04338806040006539,0.64440555818278,0.05135943034316632,0.9319823135865917,0.021168353995147014,60.6,12.660963628413123,0.033046999998623504,0.007129638025600461,0.03192138000158593,0.0016669072541180233,5.579645000002347,1.3128370700193204,4.194455520002521,1.1720578393289764,0.00625107999658212,0.0036375775928266744
classic,reuters8,fasttext_wa,dfs,5,0.9328853953582342,0.016350971601372548,0.6799613289059043,0.03653378194088443,0.6755815113245461,0.039129865962941705,0.932009861795958,0.023393011816525273,60.2,5.118593556827891,0.04172697999456432,0.008886194168818085,0.03798932000354398,0.0071881991704405585,6.0564902800048,1.021376724677517,4.757437479996588,1.0441740892241487,0.00420933999994304,0.001046859563958605
classic,reuters8,fasttext_wa,ig,5,0.938981741040988,0.016109367778203765,0.70910917393987,0.06028622299853467,0.7118883635394172,0.0595753419549201,0.9419412227700998,0.017336376762751144,81.0,32.45766473423496,0.04871476000116672,0.0060082040351654995,0.049941799996304326,0.008569650310191744,7.425582080005552,2.1522685231099246,6.02448604000092,2.210292988166462,0.006224000002839602,0.0018541798600738815
classic,reuters8,fasttext_wa,none,5,0.9319565623658358,0.015047609739589756,0.7025322900331052,0.04574174419038797,0.6829322344028744,0.043789906136120334,0.9353296525221659,0.021151419492315377,72.6,23.125743231299616,0.0050767000007908795,0.0004973006929121603,0.0061136800009990114,0.003446674812350656,6.3213500000012575,1.4501771826530447,4.954838339998969,1.751291246333534,0.004835979998460971,0.0005730151833935918
classic,reuters8,random_cnn,df,5,0.9308145314038943,0.023909466858307,0.7098623157610929,0.025272591935697107,0.7015811902688115,0.0213215885441254,0.9403018728152418,0.028695167144017812,37.6,17.529974329701684,0.033046999998623504,0.007129638025600461,0.03192138000158593,0.0016669072541180233,12.969046459998935,4.054621652481826,8.732924359996105,4.316964989266745,0.008699460001662374,0.0012721424112198559
classic,reuters8,random_cnn,dfs,5,0.9268599136298205,0.02341178524120198,0.7291671041656301,0.07880312057998927,0.7200759423720542,0.07516904409149643,0.9469690024770239,0.022137113485126255,28.8,10.894952959971878,0.04172697999456432,0.008886194168818085,0.03798932000354398,0.0071881991704405585,12.027851119998378,2.6790088382198074,6.954044720003731,2.9110251593692387,0.008910439998726361,0.0013356259378468234
classic,reuters8,random_cnn,ig,5,0.9317993029774982,0.029030633772477298,0.7299529918909446,0.06539838052301676,0.7219871944118108,0.0530789104477204,0.9369823135865917,0.020475194598754347,35.2,19.227584351654787,0.04871476000116672,0.0060082040351654995,0.049941799996304326,0.008569650310191744,12.975958939996781,4.048479568623098,8.352957700000843,4.573481851794595,0.010038120002718642,0.004683687651312722
classic,reuters8,random_cnn,none,5,0.9219049928024851,0.0199321892218124,0.6730881090736293,0.05325989288781445,0.6616251461830945,0.05016203269973327,0.9353572007315323,0.025492762144426178,44.4,8.61974477580398,0.0050767000007908795,0.0004973006929121603,0.0061136800009990114,0.003446674812350656,14.652182120000361,2.168543549667819,10.567523980003898,2.363005166122253,0.009872800004086458,0.0021113726990091074
classic,reuters8,random_lstm,df,5,0.8727517993787408,0.0193611649958047,0.5636315174130285,0.05555609224820382,0.5586172209983046,0.0629656139858032,0.8787433155080214,0.007231609218343838,22.8,11.64903429473877,0.033046999998623504,0.007129638025600461,0.03192138000158593,0.0016669072541180233,30.291729379998287,8.334786783603919,16.363757280001302,9.094056820889971,0.055982039996888486,0.03246214732263293
classic,reuters8,random_lstm,dfs,5,0.8648826678788797,0.010254231510248516,0.552812099681643,0.04264873175588514,0.5499985454845708,0.05333544270409889,0.8986193485658727,0.015266868641852185,24.2,9.5236547606473,0.04172697999456432,0.008886194168818085,0.03798932000354398,0.0071881991704405585,31.12430207999423,6.504130986456776,17.16255366000114,6.691676263766569,0.03875179999449756,0.010652479542122131
classic,reuters8,random_lstm,ig,5,0.8648975932520141,0.01961125768215509,0.5769415511475036,0.07568581426000244,0.5667652273420657,0.06492549855022565,0.8904933212954603,0.030173549637104908,55.2,37.969724781725766,0.04871476000116672,0.0060082040351654995,0.049941799996304326,0.008569650310191744,53.258822380000495,27.969736672571813,40.49465613999928,28.036386070809886,0.03769423999765422,0.010718499520243141
classic,reuters8,random_lstm,none,5,0.8397198272596409,0.02579753695494204,0.5277438995370552,0.053711963867009854,0.530120344055717,0.04192097520930133,0.8506305993471769,0.026088163571532933,32.4,18.31119875922928,0.0050767000007908795,0.0004973006929121603,0.0061136800009990114,0.003446674812350656,36.41381350000156,9.86122503221518,23.93165697999648,13.036313821022047,0.0530661000055261,0.020510472750597593
classic,reuters8,random_wa,df,5,0.9299559562593126,0.02405049008891917,0.680473509661959,0.06730422091452617,0.6726562603769005,0.06249156146831439,0.9319545338796675,0.018635693558247454,84.0,31.016124838541646,0.033046999998623504,0.007129638025600461,0.03192138000158593,0.0016669072541180233,6.4470633399992945,1.6241312033529993,5.712175319998641,1.9397798012854917,0.004508380001061596,0.0006255593176785485
classic,reuters8,random_wa,dfs,5,0.9229457029572947,0.01664106373629447,0.6895626778341295,0.04580891912427957,0.6812263820154845,0.051888269867647066,0.9353294210246083,0.02550685435043661,62.4,5.176871642217914,0.04172697999456432,0.008886194168818085,0.03798932000354398,0.0071881991704405585,5.957032860000618,0.4531470547326916,4.422510300000431,0.5269322496744742,0.004894999996758997,0.002238123609741939
classic,reuters8,random_wa,ig,5,0.9289307775841604,0.01778981276861624,0.7030886827615382,0.055491129138685334,0.6961783761679062,0.052812154326548476,0.9386629858554992,0.02207816133112356,76.4,17.84096409950987,0.04871476000116672,0.0060082040351654995,0.049941799996304326,0.008569650310191744,7.033255819999613,1.6901499558864654,5.666753080001217,1.6248118806058625,0.004660699999658391,0.0014038790852017385
classic,reuters8,random_wa,none,5,0.9268801171805945,0.01813617394859683,0.6954664840504337,0.08588646271166347,0.6773866414669404,0.07578811522583569,0.9220374100053245,0.021299601890559263,67.6,15.372052563011877,0.0050767000007908795,0.0004973006929121603,0.0061136800009990114,0.003446674812350656,6.22681423999893,0.956063432459475,4.743289399999776,1.1207223495528913,0.006023199995979667,0.0014144916547096929
bert,sentence,bert_bilstm_attention,df,5,0.727727081385223,0.05429565846263665,0.4480054532088042,0.07361599760039583,0.43693483652585496,0.059449921760909984,0.791901776384535,0.04384255568507555,6.2,1.6431676725154984,0.008864660002291202,0.00032973276804447926,0.0108169199898839,0.0033020432581636083,91.87352609999944,10.903361703771042,57.11571961999871,16.073752005922845,0.3461531000211835,0.03151970178339725
bert,sentence,bert_bilstm_attention,dfs,5,0.7196202429956394,0.02471712893403062,0.4168044255113514,0.024302663336341287,0.4028632586339082,0.022453949352824517,0.7575496342737722,0.043167561007636995,6.4,4.277849927241488,0.011249780002981425,0.0006710785839221491,0.013828219985589385,0.0048922142738201885,95.3713065000251,33.45559933675051,60.969227559980936,42.55110631112017,0.303672660025768,0.0259731928004571
bert,sentence,bert_bilstm_attention,ig,5,0.7209811728186788,0.017988146116455463,0.41514307206676043,0.024936368372434854,0.4030094801393919,0.02986201797580323,0.7551724137931034,0.027257509456553676,5.6,3.646916505762094,0.013931600004434585,0.0007105241504398468,0.015593599970452487,0.0014049042088966205,84.15790122002363,28.858361433639935,52.502748019993305,36.630819713302664,0.3179095399798825,0.015624310689577165
bert,sentence,bert_bilstm_attention,none,5,0.7456203265434658,0.02753268226626507,0.43173964216915356,0.10215426235187769,0.44475033903101263,0.07840080465440483,0.7780303030303031,0.006187142904991506,4.8,1.9235384061671346,0.0013808400137349964,0.0005254770024730617,0.0010874000145122409,0.00028319500872126175,85.10995351998136,15.220596251980002,47.24989201999269,18.901440801537724,0.42559382000472396,0.025375693531051444
bert,sentence,bert_cls,df,5,0.7139807004521223,0.050913530754734024,0.4611901032566099,0.09577216117343214,0.45427159003341844,0.07081976020770378,0.7713166144200627,0.048392174204257815,9.8,3.1144823004794873,0.008864660002291202,0.00032973276804447926,0.0108169199898839,0.0033020432581636083,105.97212749999017,21.130281262200214,78.07520679999143,23.44691190134921,0.2898254199884832,0.014736814235323687
bert,sentence,bert_cls,dfs,5,0.7141875134560202,0.03459332990696913,0.42823641560152714,0.07230355142401697,0.4161665711994501,0.06084878460946188,0.7415099268547545,0.022381206628127228,11.6,5.366563145999495,0.011249780002981425,0.0006710785839221491,0.013828219985589385,0.0048922142738201885,117.51151843999978,38.93488653659391,92.58528770003468,43.3007736344183,0.24516512001864613,0.008929330849660294
bert,sentence,bert_cls,ig,5,0.7292092840915299,0.03968447232505882,0.45151893269398347,0.07653085450138758,0.4254453775752894,0.05189883720346235,0.7689393939393939,0.024103612736475613,9.4,4.39317652729776,0.013931600004434585,0.0007105241504398468,0.015593599970452487,0.0014049042088966205,101.07303788000718,30.69774405616506,76.42173301998992,33.97727531407181,0.26571707997936755,0.01873013705231748
bert,sentence,bert_cls,none,5,0.7497015735911748,0.03363040862807632,0.45547521314064743,0.06631561140927283,0.44006000432784714,0.05578585592358482,0.7735632183908047,0.023468410332293597,8.8,7.049822692805827,0.0013808400137349964,0.0005254770024730617,0.0010874000145122409,0.00028319500872126175,99.1178557000123,47.5037404156892,71.89384113997221,58.16306367217282,0.3384383600205183,0.015411897040546378
bert,sentence,bert_cnn,df,5,0.723635744330798,0.056822757258336555,0.4840213298032276,0.10114058909293372,0.4653288458845796,0.07785750681913521,0.7896551724137931,0.04210530118521899,7.0,3.3166247903554,0.008864660002291202,0.00032973276804447926,0.0108169199898839,0.0033020432581636083,92.43701618001796,23.711865022509993,59.92329573999159,27.651627709968494,0.2929170000134036,0.012354039621101135
bert,sentence,bert_cnn,dfs,5,0.7277647421746214,0.0468211913705252,0.4691270400869087,0.07371533718935239,0.4375564857489477,0.054754685356257264,0.7735893416927899,0.030468327318902876,7.4,5.128352561983234,0.011249780002981425,0.0006710785839221491,0.013828219985589385,0.0048922142738201885,95.42445434001274,37.14984781689869,64.61269814001862,43.23435497127823,0.28581578000448643,0.01888404380517542
bert,sentence,bert_cnn,ig,5,0.7251185897126918,0.042951175979437296,0.4547897265293582,0.07617734147371447,0.42896796120212316,0.055478598814714064,0.762042842215256,0.024318605416644667,6.8,3.7013511046643495,0.013931600004434585,0.0007105241504398468,0.015593599970452487,0.0014049042088966205,91.70814318000339,29.432102492559718,58.18173905997537,31.2363505583085,0.2691152599873021,0.014257446161658723
bert,sentence,bert_cnn,none,5,0.7674637129296688,0.029189912559160158,0.4947909704679926,0.10018858279872439,0.4812532583695374,0.08227354476229799,0.789576802507837,0.026522228312682968,6.0,4.795831523312719,0.0013808400137349964,0.0005254770024730617,0.0010874000145122409,0.00028319500872126175,87.84492424000055,37.9102776297052,52.651030080020426,41.254675026775935,0.35303188001271335,0.020518641375614988
bert,sentence,bert_mean,df,5,0.698987143274882,0.05908418650089247,0.46131782537116073,0.10689309100226907,0.448237777993191,0.08870171550220132,0.7804597701149425,0.043797100611017194,7.8,3.1937438845342623,0.008864660002291202,0.00032973276804447926,0.0108169199898839,0.0033020432581636083,91.88670820002444,20.941124441168455,63.06642099998426,25.67321475036877,0.28643241997342556,0.021971135857714583
bert,sentence,bert_mean,dfs,5,0.7195828392764758,0.03293519945152493,0.4298391673647823,0.08744946340884766,0.41540087712341117,0.06505451509647618,0.7713427377220481,0.04077449127966806,6.2,1.6431676725154984,0.011249780002981425,0.0006710785839221491,0.013828219985589385,0.0048922142738201885,77.22424346001353,11.154342125324774,48.934714399976656,12.105450363394967,0.24309184001758694,0.004342581281123386
bert,sentence,bert_mean,ig,5,0.7292658395431861,0.0465918991496454,0.4647335122255688,0.08311917604214278,0.43316058760806153,0.055562555833091345,0.7529780564263323,0.027364454975291778,6.0,1.5811388300841898,0.013931600004434585,0.0007105241504398468,0.015593599970452487,0.0014049042088966205,80.51084626000375,13.158905642336578,48.455558060016486,12.78911604750912,0.26441734000109135,0.024867462861364598
bert,sentence,bert_mean,none,5,0.7660563176616891,0.0312964178528886,0.5313748040294968,0.08730334962434608,0.5104996479952374,0.07113961246465494,0.7689655172413793,0.02074529851454062,7.6,1.816590212458495,0.0013808400137349964,0.0005254770024730617,0.0010874000145122409,0.00028319500872126175,89.90747309997678,15.853754975582556,60.851818679994906,15.18011280793879,0.33695698000956326,0.013033189894664848
classic,sentence,fasttext_cnn,df,5,0.7346891217516766,0.030197803432691704,0.41688002038485883,0.06609941280691706,0.4039229535500586,0.060718348668257024,0.7529258098223616,0.03890186404685308,15.6,7.05691150575094,0.009395360000780784,0.0017949772230682107,0.008883459997014143,0.0012437489602658226,4.336173880001297,0.42539914717472954,1.838432979999925,0.6237159700665427,0.006772200000705197,0.0013397947255273871
classic,sentence,fasttext_cnn,dfs,5,0.7305606380483228,0.02599434705166287,0.41477089931639033,0.09854775884146881,0.3967818255877598,0.07510897361626816,0.7346394984326019,0.02359221276693141,17.4,12.05404496424333,0.015453940004226752,0.005769286094195448,0.012258860000292771,0.0012587339814103663,5.06056778000202,0.8236201610035611,2.1819293200067476,1.2341298792528024,0.0059943000000203025,0.0005742042119652518
classic,sentence,fasttext_cnn,ig,5,0.7264976429872847,0.039564406540556596,0.42906161007359517,0.07904827316921435,0.40710336994378693,0.06145084778263951,0.748380355276907,0.025642386259188684,14.6,5.813776741499453,0.015479060000507161,0.007158247196890453,0.013288519997149705,0.0020461859046712627,5.0088034999964295,0.7751567627983414,2.0036929599998983,0.7813617294921096,0.00601174000184983,0.000999451434698914
classic,sentence,fasttext_cnn,none,5,0.7415194136227944,0.04867944163486753,0.47324293842820636,0.0886662868138236,0.4457784152050391,0.07326338532762768,0.7575757575757576,0.038030831127184146,20.8,13.917614738165446,0.0016857000038726256,0.000504771033027375,0.001936899998690933,0.001555425074360677,4.8575655200053,1.074019830217737,2.471859999996377,1.3761225244970008,0.00449687999789603,0.0008780184118736675
classic,sentence,fasttext_lstm,df,5,0.6676670554853968,0.03720796129898644,0.3829645992155416,0.05863867978250594,0.37774574583395754,0.050726703864493364,0.7391327063740857,0.014795570387964288,17.4,6.58027355054484,0.009395360000780784,0.0017949772230682107,0.008883459997014143,0.0012437489602658226,9.705053159996169,2.1043400853050045,4.386002040002495,1.8863375246394916,0.011731599998893217,0.0021337427157825726
classic,sentence,fasttext_lstm,dfs,5,0.6950182359197812,0.03856873026423919,0.41277527187817076,0.03826798138340378,0.40630084608432643,0.034066790683544915,0.7323406478578892,0.019471368992523014,22.8,15.880806024884253,0.015453940004226752,0.005769286094195448,0.012258860000292771,0.0012587339814103663,8.764521620003507,3.5053718339030366,4.794161599996732,3.433610640486107,0.010110500003793276,0.0007189629471720213
classic,sentence,fasttext_lstm,ig,5,0.6935360332134743,0.015578428619615387,0.4066825581393239,0.07514295206062141,0.39428029762271943,0.06544018240690898,0.7460815047021944,0.023612524495359676,19.8,14.939879517586478,0.015479060000507161,0.007158247196890453,0.013288519997149705,0.0020461859046712627,9.047177760000341,2.7724299946771516,4.528604340000311,3.5060857241858594,0.011910559996613302,0.0018899047106735085
classic,sentence,fasttext_lstm,none,5,0.6964068650606203,0.040219959924800396,0.3757747043929646,0.018030254251923658,0.3736308855539008,0.02371165479138709,0.7414315569487984,0.02347404362165193,13.8,7.395944834840238,0.0016857000038726256,0.000504771033027375,0.001936899998690933,0.001555425074360677,8.92067975999962,1.845366609186518,3.6088677400024607,2.0656832689619113,0.013740880004479549,0.0031658453444364906
gcn,sentence,fasttext_residual_word_gcn,df,5,0.6649559285216212,0.03277046304193208,0.27350403100442267,0.025483396691072267,0.2785131632156492,0.02103943515730999,0.7139759665621734,0.02887251287842527,88.0,29.57194616524249,0.00686840001726523,0.0006448260929908402,0.007324320008046925,0.0007152151658548866,0.768456199998036,0.19666579064780834,0.3536364399944432,0.12489529649867781,0.0010646000038832427,0.00026675188517460974
gcn,sentence,fasttext_residual_word_gcn,dfs,5,0.6813567524317238,0.03387093184262871,0.3059099941768691,0.039834308984445156,0.30869247904372205,0.03434754668093481,0.7391327063740857,0.026016205496872048,81.0,37.603191353926334,0.00847265999764204,0.000810312274268276,0.009871659998316318,0.0009813822727379215,0.7170083800097927,0.24703401798407823,0.3194997200043872,0.1457858760654882,0.0010009199962951244,0.00023918485816369986
gcn,sentence,fasttext_residual_word_gcn,ig,5,0.6703226552784552,0.029429569646130745,0.30017984441264156,0.03276073272125257,0.29880796989698355,0.02316617921412778,0.7049111807732498,0.04289787032227461,64.2,27.417147918775214,0.010997220000717789,0.0008415181744275527,0.011562099982984363,0.0009546580579915147,0.619616060005501,0.19654003086416647,0.2498668200103566,0.10687053944706836,0.0009681399911642075,0.0002307244581836168
gcn,sentence,fasttext_residual_word_gcn,none,5,0.6622532206080354,0.03745739738787245,0.2822772141711038,0.05692406970322008,0.28919035771321255,0.0451093356339758,0.7184430512016718,0.037666572143778415,98.4,61.29681884078488,0.001639979996252805,0.0006161125667213669,0.0010748200118541717,0.00021368896993449336,0.856048300000839,0.38626235288767574,0.4034327200031839,0.25346891070967953,0.001141300005838275,0.00017249097020826176
classic,sentence,fasttext_wa,df,5,0.7182880407713392,0.030767646108891884,0.38560030007522705,0.058257791677889775,0.3745369056676194,0.040562189947228905,0.7392371995820272,0.02592690015327195,51.4,23.22283359110167,0.009395360000780784,0.0017949772230682107,0.008883459997014143,0.0012437489602658226,2.942804260001867,0.7845128678127992,2.1014974600024288,0.8670915443150817,0.006191000001854264,0.0033477313504037386
classic,sentence,fasttext_wa,dfs,5,0.7183347632865144,0.0383767275643565,0.33015841972550264,0.045108896994240415,0.3367496144593177,0.0372691268975422,0.7414838035527691,0.025519304041932717,35.8,11.691877522451216,0.015453940004226752,0.005769286094195448,0.012258860000292771,0.0012587339814103663,2.6775105599983364,0.6868071167122173,1.6634386000048835,0.6516349225266667,0.00574925999972038,0.0011144919622326855
classic,sentence,fasttext_wa,ig,5,0.7306076176337327,0.028419510340242166,0.3954343279818414,0.060134645264361804,0.38246823487481063,0.03766326965547178,0.7392371995820272,0.029527508091576032,41.2,12.676750372236569,0.015479060000507161,0.007158247196890453,0.013288519997149705,0.0020461859046712627,2.8771832800033734,0.6962012087931282,1.927489699999569,0.6882301234609415,0.0053221199923427776,0.0014518549735202686
classic,sentence,fasttext_wa,none,5,0.748406389480686,0.047599321953544015,0.4216443580336138,0.10518787733369958,0.3970733080516561,0.07647682757604994,0.7392633228840125,0.030230936563039896,46.2,10.61602562167217,0.0016857000038726256,0.000504771033027375,0.001936899998690933,0.001555425074360677,2.8892073600000003,0.6252440945267724,1.9406784799997694,0.5194545260413655,0.0028984399948967622,0.00012757673426870225
classic,sentence,random_cnn,df,5,0.7154916307571683,0.04475231309715348,0.42933272467980055,0.09649270743874,0.40236163373292483,0.07609347569786598,0.7415882967607106,0.040328849525791376,25.6,21.949943052317927,0.009395360000780784,0.0017949772230682107,0.008883459997014143,0.0012437489602658226,5.587554740003543,2.1844862033100583,3.028854639999918,2.49290689126062,0.007670980002149008,0.00021484330361442518
classic,sentence,random_cnn,dfs,5,0.6977393243551554,0.03716393783255674,0.4232094230911921,0.08656897214320028,0.39982738058519934,0.06511014909176013,0.7460815047021944,0.03376594679887571,22.8,18.806913622388976,0.015453940004226752,0.005769286094195448,0.012258860000292771,0.0012587339814103663,6.231330340000568,3.181108206849451,3.4340779599995583,3.1654195748228258,0.009903179996763356,0.003599242435865363
classic,sentence,random_cnn,ig,5,0.7182595702428349,0.027875193300439652,0.423683035986728,0.05605329130976608,0.40115014496329654,0.05037648259352729,0.7552246603970741,0.036087405793570386,32.6,25.33377192602791,0.015479060000507161,0.007158247196890453,0.013288519997149705,0.0020461859046712627,7.310960039999918,2.61657183763656,4.271681539999554,3.1614508967073394,0.007686799997463823,0.0017555174877730026
classic,sentence,random_cnn,none,5,0.7086516344846866,0.04445593748119209,0.4152560641620297,0.08536234871089565,0.38545901616871947,0.059612573126766724,0.7460815047021944,0.04404895347501624,23.2,14.53272169966796,0.0016857000038726256,0.000504771033027375,0.001936899998690933,0.001555425074360677,5.326136440003756,1.600242962577215,2.8071529000008013,1.7700266824613426,0.007924120003008284,0.001444017206666607
classic,sentence,random_lstm,df,5,0.6567361077638425,0.03401165429082995,0.39687455552267586,0.09663270105855612,0.37943973962418226,0.06903560343274294,0.7323667711598746,0.03669394156303904,23.6,6.024948132556827,0.009395360000780784,0.0017949772230682107,0.008883459997014143,0.0012437489602658226,10.622817739998572,1.6243766334315144,5.838691740002832,1.6221118914962585,0.013951140001881867,0.004373528609127071
classic,sentence,random_lstm,dfs,5,0.6881312600618896,0.018947497981332863,0.3860917432573259,0.053096380226113474,0.37749388275450824,0.04257078186629564,0.7575757575757576,0.0421501926333432,17.6,10.334408546211051,0.015453940004226752,0.005769286094195448,0.012258860000292771,0.0012587339814103663,8.207044800001313,1.7587868885178386,3.6817879599984735,2.118082785351179,0.011239940003724769,0.0030728832248287387
classic,sentence,random_lstm,ig,5,0.7155289059412144,0.04053397810749895,0.4205527214243708,0.06939842358965351,0.4086676438593038,0.05336830064711621,0.727742946708464,0.02537082392948766,19.4,5.272570530585627,0.015479060000507161,0.007158247196890453,0.013288519997149705,0.0020461859046712627,9.339483000000474,0.7374834902102886,4.357519159995718,1.092380112739148,0.010276579999481329,0.0004521404590019458
classic,sentence,random_lstm,none,5,0.6853722537668823,0.038000732463887264,0.39962550455569684,0.07351289539785617,0.38838024935057813,0.06079432955088246,0.7163009404388715,0.04430932880707555,13.2,9.17605579756357,0.0016857000038726256,0.000504771033027375,0.001936899998690933,0.001555425074360677,8.752289919997565,2.1762980513820893,3.4623218199965775,2.4087777903286827,0.012246340003912337,0.0005655447890290346
classic,sentence,random_wa,df,5,0.7169649002728158,0.04536571935311844,0.37101460200378295,0.023541893583934163,0.3577065024434712,0.012659904689134393,0.7369383490073145,0.022829135519875508,57.4,11.282730166054668,0.009395360000780784,0.0017949772230682107,0.008883459997014143,0.0012437489602658226,3.240367540001171,0.5219330650561644,2.335997440002393,0.5165158413168753,0.0041467999952146785,9.610142957116566e-05
classic,sentence,random_wa,dfs,5,0.7045797062329892,0.016197581007263113,0.32676106418060635,0.04699967379519893,0.32796287157554194,0.0297824323910607,0.7483542319749217,0.02464010442371591,37.4,6.985699678629192,0.015453940004226752,0.005769286094195448,0.012258860000292771,0.0012587339814103663,2.6818419400049605,0.6469858176924564,1.6975348800013308,0.5164583718156681,0.005436539999209344,0.00245411076836001
classic,sentence,random_wa,ig,5,0.7156135463160228,0.041166585809364005,0.3738470021871019,0.07860555184909275,0.3666266321222215,0.05885122248102429,0.7277951933124347,0.037300562693002144,56.0,15.540270267920054,0.015479060000507161,0.007158247196890453,0.013288519997149705,0.0020461859046712627,3.4712902600032978,0.5602085746219911,2.524262660002569,0.6600547171380775,0.007426939997822046,0.0033489927665471706
classic,sentence,random_wa,none,5,0.73063544548665,0.049461352805175995,0.417532371675836,0.09025236276363918,0.39718976141029066,0.06643145245395343,0.7301201671891328,0.03030449407339167,60.8,19.71547615453403,0.0016857000038726256,0.000504771033027375,0.001936899998690933,0.001555425074360677,3.365495340002235,0.819522462359408,2.4511430599988673,0.7730511266710339,0.0030060200049774723,0.000182952116834166
bert,sst5,bert_bilstm_attention,df,5,0.35547078676966926,0.04924933776330535,0.2769522987027252,0.07843203196036572,0.3035173370229022,0.051179831254575384,0.385,0.04224597285212192,2.8,1.4832396974191326,0.013742920011281967,0.003473571825836125,0.015241839969530702,0.0038917217616572385,90.50009620003402,9.620322243888573,34.952723139966835,18.63177055445829,0.41151131996884943,0.03527470314658333
bert,sst5,bert_bilstm_attention,dfs,5,0.341315207880197,0.03501443752190647,0.30628505655402116,0.04108810510751398,0.30841881439100244,0.03529205520428227,0.335,0.04691896086753082,7.6,5.272570530585627,0.01962209998164326,0.006744111317941586,0.01763399997726083,0.004388333969122295,140.30939071998,65.23497354874767,95.63559655998833,67.36227037120383,0.3613433599937707,0.03367300748034215
bert,sst5,bert_bilstm_attention,ig,5,0.33137510937773446,0.03249178825121227,0.2836932391882941,0.03647509768021464,0.291801932678359,0.033868615900409446,0.36333333333333334,0.012638125740085928,5.2,2.7748873851023217,0.022875359980389476,0.006702449931082507,0.02246346001047641,0.0040768518319891055,114.01841678002384,33.53728098050518,65.90945244003088,36.819500531825874,0.35423017998691647,0.021164444229629792
bert,sst5,bert_bilstm_attention,none,5,0.4604366609165229,0.045999917735293556,0.41783297064010705,0.044248459292843524,0.4220237844119861,0.04992291283102974,0.48,0.04662200243566454,5.0,2.345207879911715,0.002528359997086227,0.0009979276623825692,0.0032315799966454507,0.003974350294696059,114.39053391998168,29.84012040473354,66.50677225999534,32.075746500140426,0.48519771997816863,0.021424026902494984
bert,sst5,bert_cls,df,5,0.36846586164654116,0.040034414231095224,0.3216727080193733,0.030720849132728073,0.335267325954181,0.02820183184124917,0.39,0.02386303510546059,6.6,2.6076809620810595,0.013742920011281967,0.003473571825836125,0.015241839969530702,0.0038917217616572385,114.19312866001856,33.23681613734512,71.15611431999132,28.72103572644317,0.3005503199994564,0.011227632513657554
bert,sst5,bert_cls,dfs,5,0.30625973149328733,0.02154992112273315,0.2512940286814336,0.052369139618798494,0.27306237294692814,0.03332629389237394,0.31666666666666665,0.05103103630798287,5.6,5.412947441089743,0.01962209998164326,0.006744111317941586,0.01763399997726083,0.004388333969122295,106.48719332001637,51.45354741772098,63.09685982000083,62.84097523256525,0.2999007800128311,0.02284843076183846
bert,sst5,bert_cls,ig,5,0.3202397309932748,0.036205712413435676,0.25775958076239097,0.034172644953690365,0.28015526870389384,0.0250408172837022,0.385,0.019895560643855538,6.8,3.63318042491699,0.022875359980389476,0.006702449931082507,0.02246346001047641,0.0040768518319891055,113.5722800800344,36.159245555139954,73.40964724000078,40.842268756816445,0.30504386001266537,0.010899999687911562
bert,sst5,bert_cls,none,5,0.4544968124203105,0.014112450460696476,0.4359259694453978,0.015499709910462796,0.4361054480679059,0.011203488021796888,0.46166666666666667,0.03259601202601324,8.4,2.073644135332772,0.002528359997086227,0.0009979276623825692,0.0032315799966454507,0.003974350294696059,128.31046483998654,19.162998635689352,90.1177216200158,22.109273480811787,0.38828001997899264,0.027137434062085995
bert,sst5,bert_cnn,df,5,0.3382750568764219,0.03204140717891234,0.2846245466084545,0.05502480428012135,0.29745459578258615,0.03296246691179638,0.38166666666666665,0.03651483716701109,6.8,3.7013511046643495,0.013742920011281967,0.003473571825836125,0.015241839969530702,0.0038917217616572385,129.1983951400034,38.16081776927169,81.13064225998241,46.05708203192225,0.33958610000554473,0.023085993970754646
bert,sst5,bert_cnn,dfs,5,0.33532038300957523,0.03915511824405632,0.3033305368905762,0.040524240359194406,0.3065732602405725,0.0446041367401054,0.33,0.04314059701848262,4.8,1.9235384061671346,0.01962209998164326,0.006744111317941586,0.01763399997726083,0.004388333969122295,103.98175844000653,15.37844669348494,58.50221175998449,25.61137236319313,0.3266551400301978,0.03208651403758793
bert,sst5,bert_cnn,ig,5,0.32227988199704993,0.015664610849424762,0.24550204649860688,0.04765678100030592,0.2714793678326567,0.018069623614528494,0.375,0.04787135538781692,3.8,4.764451699828638,0.022875359980389476,0.006702449931082507,0.02246346001047641,0.0040768518319891055,104.14905659998767,44.80864304423181,46.433144080010244,58.62983278215383,0.32945610003080217,0.020309890568570264
bert,sst5,bert_cnn,none,5,0.4494065601640041,0.027716187735484787,0.4147659136708159,0.04192961144094779,0.42719945909443385,0.030675209372044012,0.47333333333333333,0.0360362471840661,6.4,6.4265076052238514,0.002528359997086227,0.0009979276623825692,0.0032315799966454507,0.003974350294696059,121.93152039998677,60.73140925578562,73.58128345999867,72.23771487264683,0.39881405998021363,0.0052766701078923875
bert,sst5,bert_mean,df,5,0.36838555963899094,0.010431736240864905,0.3294467903070613,0.03428212047339612,0.33099092700282284,0.0232919850535974,0.37666666666666665,0.03836954811073781,5.4,1.51657508881031,0.013742920011281967,0.003473571825836125,0.015241839969530702,0.0038917217616572385,97.0929915999528,15.952741629787708,59.17551726002712,18.17722589418042,0.31844898001290856,0.008087916905030714
bert,sst5,bert_mean,dfs,5,0.3383749593739843,0.028505020599815127,0.3015107512703291,0.029487403458397243,0.3036894203565649,0.03049826694644631,0.3383333333333333,0.036132472314464675,6.6,3.1304951684997055,0.01962209998164326,0.006744111317941586,0.01763399997726083,0.004388333969122295,109.18475224000868,24.4518079329451,70.51592457997613,31.859598192529912,0.2913263800088316,0.023111034775095955
bert,sst5,bert_mean,ig,5,0.335355158878972,0.02486597840282026,0.27734279511230825,0.025893157052473408,0.2891157264836168,0.02485938793816822,0.35333333333333333,0.02738612787525831,5.0,2.5495097567963922,0.022875359980389476,0.006702449931082507,0.02246346001047641,0.0040768518319891055,96.30201307998504,23.10655016708428,54.13910984003451,28.860148619968182,0.29379310000222175,0.0034888950187206007
bert,sst5,bert_mean,none,5,0.4323763094077352,0.028885497766900983,0.4056328942312035,0.034468880216481194,0.410400164279284,0.028176310899874563,0.47,0.027386127875258306,6.6,2.1908902300206643,0.002528359997086227,0.0009979276623825692,0.0032315799966454507,0.003974350294696059,111.8820065200096,20.02930396356141,72.73952559998725,24.303164351962458,0.3824023600202054,0.015486490273123567
classic,sst5,fasttext_cnn,df,5,0.3003195329883247,0.015489770201925612,0.2229158826071832,0.06139685393033946,0.2507684133111149,0.02937451788911462,0.3433333333333333,0.04056887148212695,18.0,19.836834424877374,0.01601262000040151,0.005676388903692933,0.014803479998954571,0.002860499563154057,6.913016940001398,2.4494437384638705,3.1730883799958973,2.843154436083767,0.007279000000562519,0.002129242355838878
classic,sst5,fasttext_cnn,dfs,5,0.31814972874321856,0.05307584291941983,0.2498915394825972,0.07865182883282794,0.2731674375746178,0.055480739418049825,0.325,0.04039733214513608,21.8,27.086897201414562,0.01814963999786414,0.003655837343751075,0.017203920002793895,0.001838222303718539,6.848504440000397,4.568044606594333,3.3826903000008315,4.306383867584261,0.00884786000533495,0.005364185160808123
classic,sst5,fasttext_cnn,ig,5,0.3072695817395435,0.018787065878169543,0.22909353206891603,0.03139779514405325,0.2532312394658076,0.019719335393671766,0.34833333333333333,0.01806623615723234,8.0,1.5811388300841898,0.02261055999842938,0.005438852145694473,0.02280140000220854,0.0046494610087147855,5.700478919997113,0.7802555737801811,1.5565341799985617,0.3629726138402805,0.0065496199997141956,0.0008293374649967023
classic,sst5,fasttext_cnn,none,5,0.3403201830045751,0.02988726717157189,0.26934575487786444,0.07502241391207143,0.2890846406082814,0.04372378574612023,0.37333333333333335,0.0550883129367947,13.6,11.282730166054668,0.0021952000010060147,0.0009509220042572624,0.0018562800018116833,0.00020043170581783378,5.849674620002043,1.6043370639305758,2.1863519800012,1.6883434640021575,0.0053955800016410645,0.0006437706704662286
classic,sst5,fasttext_lstm,df,5,0.2973294332358309,0.025347452118923856,0.2548354336631595,0.036354296460441915,0.26017657146676043,0.02755302738869699,0.3466666666666667,0.03613247231446466,17.4,9.762171889492624,0.01601262000040151,0.005676388903692933,0.014803479998954571,0.002860499563154057,11.450542480000877,1.9068294018150762,5.427875199995469,2.9691288036574712,0.013149659996270203,0.001128955481141184
classic,sst5,fasttext_lstm,dfs,5,0.2922845071126778,0.019033781517095165,0.25847794597056234,0.014611556560405674,0.2673345048025034,0.01963803835547712,0.3416666666666667,0.022821773229381913,15.8,11.945710527214361,0.01814963999786414,0.003655837343751075,0.017203920002793895,0.001838222303718539,8.293756560000475,2.2276749925496357,3.774564159999136,3.0382078063771534,0.01008391999930609,0.0015333562667636394
classic,sst5,fasttext_lstm,ig,5,0.29131943298582463,0.05005501195559582,0.23584671520049147,0.0718766702370623,0.2518247381719205,0.04885746620354145,0.36833333333333335,0.06274950199005566,22.2,19.57549488518745,0.02261055999842938,0.005438852145694473,0.02280140000220854,0.0046494610087147855,11.312440560001415,4.717629252609669,5.986185219997424,5.209594558057648,0.012452039998606779,0.0035371342301073997
classic,sst5,fasttext_lstm,none,5,0.311364759118978,0.027090761753846573,0.2853294341401925,0.033625773205541505,0.2889014998815301,0.035133249128033846,0.33999999999999997,0.019895560643855528,29.0,19.493588689617926,0.0021952000010060147,0.0009509220042572624,0.0018562800018116833,0.00020043170581783378,15.770078559994,5.482233928629018,9.495905780000612,6.03767587666863,0.01635575999971479,0.002900033737322134
gcn,sst5,fasttext_residual_word_gcn,df,5,0.31332465811645294,0.016286451693248997,0.1989296653058825,0.03673264349984201,0.24182100397643716,0.018990387510888964,0.35500000000000004,0.03845993586404776,51.0,47.41835087811469,0.010415800020564348,0.00213888661856534,0.010124959982931614,0.000757606693014061,0.519084119994659,0.3255481943877609,0.19602045997744427,0.1756968233046221,0.0009685000055469573,0.00029981321658350326
gcn,sst5,fasttext_residual_word_gcn,dfs,5,0.35633530838270955,0.01575552977567012,0.28676009115668166,0.020303575391723606,0.3022073416405738,0.0168152572860152,0.355,0.055777335102271716,45.4,28.032124428947586,0.012014780007302762,0.0010975402602586438,0.012609879998490215,0.0005438420032069087,0.4783966600080021,0.17489938575345004,0.17587126001017167,0.1015770876068344,0.0008430800051428377,0.00020016101478922567
gcn,sst5,fasttext_residual_word_gcn,ig,5,0.32328490712267804,0.024204638697945067,0.2360776438209211,0.06960454500911316,0.2630707261487295,0.035456878890273165,0.37333333333333335,0.04691896086753083,68.6,36.21877965917681,0.015333959995768965,0.001824732262425955,0.016912559990305453,0.0014332669144847367,0.6454597599920817,0.25884396535037885,0.2633106799912639,0.13966309384341888,0.0008348400006070733,0.0001641845775732613
gcn,sst5,fasttext_residual_word_gcn,none,5,0.3444001850046251,0.02811502248035815,0.25848147159412727,0.07364517889970328,0.2860761013698042,0.0410796033787903,0.3766666666666667,0.04141591213263059,57.4,30.859358386071477,0.0020750400028191505,0.0004923598604176317,0.0016171599854715168,0.00048346303065950353,0.672206419997383,0.26641564081429,0.24953582000453026,0.13494092597669644,0.0013600400183349849,3.318860155505844e-05
classic,sst5,fasttext_wa,df,5,0.34834023350583765,0.01995949121360843,0.26158741359893867,0.048871020567646764,0.2857189444011387,0.028499601195803963,0.37166666666666665,0.05355423004353209,25.8,5.890670590009257,0.01601262000040151,0.005676388903692933,0.014803479998954571,0.002860499563154057,2.78091852000216,0.2963800114309453,1.4742689800012159,0.2844916680462477,0.005900859998655505,0.002295397488948753
classic,sst5,fasttext_wa,dfs,5,0.3203048076201905,0.019718915050498248,0.20808450524723057,0.055525043861927914,0.25101178998072954,0.02967475285895923,0.36666666666666664,0.040397332145136085,14.8,11.454256850621082,0.01814963999786414,0.003655837343751075,0.017203920002793895,0.001838222303718539,2.33904558000213,1.0436700876007736,0.9172844200016698,0.7798640053024873,0.0030663000041386114,0.00041478119946491586
classic,sst5,fasttext_wa,ig,5,0.33430998274956875,0.03735512835277554,0.24450121724190907,0.060584927949133574,0.27258928573989044,0.03810921576463543,0.36,0.04728753653037035,25.0,10.63014581273465,0.02261055999842938,0.005438852145694473,0.02280140000220854,0.0046494610087147855,2.963622559999931,0.6096401642736374,1.5161409799999093,0.6310989063566835,0.00558463999768719,0.0032528534075425297
classic,sst5,fasttext_wa,none,5,0.3373353083827096,0.032827618573682014,0.27894261856230684,0.026353985095229914,0.2898036749578423,0.025648852581157327,0.39,0.05904329861306116,44.2,24.883729623993265,0.0021952000010060147,0.0009509220042572624,0.0018562800018116833,0.00020043170581783378,3.8626278199983064,1.3608732687902918,2.5933140200009803,1.5001148039113688,0.003562399998190813,0.00038149733836102584
classic,sst5,random_cnn,df,5,0.30233460836520915,0.022506537153828058,0.2333982989410442,0.050822687737870735,0.257569223440437,0.022416455850723778,0.3433333333333333,0.03970376416523865,42.4,30.737599125501003,0.01601262000040151,0.005676388903692933,0.014803479998954571,0.002860499563154057,10.672508079995168,4.306134627907324,7.382381879995227,4.858661626324447,0.008359359996393322,0.0010788861878939856
classic,sst5,random_cnn,dfs,5,0.2982347058676467,0.03241762950025505,0.2449515343549795,0.044076786818997814,0.25795718865928263,0.033193480798224366,0.30833333333333335,0.04370036867375632,11.2,13.572030061858838,0.01814963999786414,0.003655837343751075,0.017203920002793895,0.001838222303718539,5.362921059998916,2.0567326673438484,1.7650101199978963,2.029559211791558,0.007896419998724013,0.001339983339874846
classic,sst5,random_cnn,ig,5,0.28530420760519015,0.03338538885117369,0.22478716948142902,0.04132324331539114,0.24109087069334748,0.03219310027588688,0.33166666666666667,0.018066236157232313,14.4,18.433664855367205,0.02261055999842938,0.005438852145694473,0.02280140000220854,0.0046494610087147855,6.850380760000553,3.1412743227730884,2.6884111999999734,3.2784469200980224,0.010210820002248511,0.002460916409459652
classic,sst5,random_cnn,none,5,0.2743692342308558,0.03012464472695175,0.18286030771139838,0.04782071478513231,0.21943335952735515,0.026743446169089094,0.34,0.04503085362035431,14.6,18.58224959470731,0.0021952000010060147,0.0009509220042572624,0.0018562800018116833,0.00020043170581783378,6.2972070800024085,3.1240879727714623,2.459335460001603,3.2102877296997074,0.008453759999247268,0.001408820283874161
classic,sst5,random_lstm,df,5,0.2872195304882622,0.03894322489651323,0.1838322897118175,0.04685458956401971,0.22785196921457654,0.032542765840171656,0.345,0.02674467755980201,4.4,2.1908902300206643,0.01601262000040151,0.005676388903692933,0.014803479998954571,0.002860499563154057,8.21992778000713,0.9685972772937338,1.3779009400022915,0.7121321610357788,0.013144460003240965,0.002593915377585859
classic,sst5,random_lstm,dfs,5,0.30335963399084975,0.02937456748523958,0.19904386449557837,0.07176764728037337,0.2421548144444025,0.0486684581186793,0.32999999999999996,0.0273861278752583,7.4,10.430723848324238,0.01814963999786414,0.003655837343751075,0.017203920002793895,0.001838222303718539,6.162381240003742,1.7933592301925747,1.6159135399968363,2.2379044896994307,0.009908320003887638,0.0009447033683931919
classic,sst5,random_lstm,ig,5,0.28027400685017123,0.0324255115521043,0.19355439734850952,0.04480255768206673,0.22776495672532518,0.025662140368974004,0.355,0.03151278400198173,6.6,5.176871642217914,0.02261055999842938,0.005438852145694473,0.02280140000220854,0.0046494610087147855,8.220711319995463,2.1501744346946086,1.8766082999965874,1.5784237875514535,0.01248693999950774,0.0034148906223728497
classic,sst5,random_lstm,none,5,0.25323390584764616,0.012963482186187938,0.1960530279935575,0.04344915466801993,0.21503045728596218,0.024178883291905855,0.315,0.03084459253886956,10.8,12.497999839974394,0.0021952000010060147,0.0009509220042572624,0.0018562800018116833,0.00020043170581783378,10.316127179999603,3.649341038449317,3.4203102600033164,4.060096489970496,0.01449026000336744,0.0040651304060360235
classic,sst5,random_wa,df,5,0.2983393834845871,0.031778802289636636,0.23743109245575716,0.05485521293735834,0.2542538359278099,0.03963179061527126,0.35333333333333333,0.054518090779320426,46.0,40.718546143004666,0.01601262000040151,0.005676388903692933,0.014803479998954571,0.002860499563154057,3.7557514799962517,2.019331975717014,2.5645364800002426,2.261123237844262,0.005566099999123253,0.0013074418055506148
classic,sst5,random_wa,dfs,5,0.31223988099702493,0.0345237583531198,0.2458157844523635,0.059153165813655435,0.2629081734056829,0.042479435502877964,0.33,0.04273627134986028,39.4,21.243822631532208,0.01814963999786414,0.003655837343751075,0.017203920002793895,0.001838222303718539,3.5085951999993994,1.1528312553722635,2.3943358399992576,1.3437154221281296,0.004530859997612424,0.0009864806008359009
classic,sst5,random_wa,ig,5,0.29533440836020897,0.02383014219253473,0.21365880701481182,0.03644973575952637,0.2375526943991066,0.02682406411694182,0.35333333333333333,0.0414996653266291,29.8,17.894133116750865,0.02261055999842938,0.005438852145694473,0.02280140000220854,0.0046494610087147855,3.2167431799985935,1.1053326877778378,1.8817770000023302,1.167320404755715,0.006666059998678975,0.002887111924701394
classic,sst5,random_wa,none,5,0.30635988399709996,0.03260478596298538,0.23008310029167062,0.08065184666654382,0.25580635185953554,0.050830207192924,0.35,0.049999999999999996,39.6,33.41855771872868,0.0021952000010060147,0.0009509220042572624,0.0018562800018116833,0.00020043170581783378,3.559625399997458,1.7884792073182783,2.2963320000038947,1.9820727610080058,0.003400320003856905,0.00015961370896153647
bert,wos5736,bert_bilstm_attention,df,5,0.861330847992012,0.04200609291522236,0.8516696610907377,0.05130501670694249,0.8524126400608615,0.05081014199434981,0.8907162534435262,0.018935161059666264,10.0,4.898979485566356,0.07544654000084847,0.006528694184563667,0.08206017999909818,0.009222727494731735,372.8196411000099,120.80391893727861,280.4474698000122,138.4438046718716,1.5336525999708102,0.04073906346856089
bert,wos5736,bert_bilstm_attention,dfs,5,0.8773712490020372,0.02330090381240686,0.8705933279344925,0.024963298106391908,0.8711225210889243,0.028656365443573733,0.8890495867768595,0.03447690319677832,11.2,4.711687595755898,0.08736030000727624,0.012350052515210755,0.10025401999009773,0.0137732555417681,252.4789172000019,72.43753915430959,202.7711229199893,85.43359291376386,0.8625399999786169,0.030828186302481086
bert,wos5736,bert_bilstm_attention,ig,5,0.8803767302304385,0.03570956201281959,0.8709215055917283,0.039463144559544534,0.8730199128934307,0.041328535902010986,0.8907300275482094,0.01971644128007968,10.2,4.324349662087931,0.12047621998935938,0.005349249267683959,0.13039890001527965,0.006283464827152655,292.6822649600217,84.25597546002457,221.5298101799912,91.73962624834465,1.0834085599984973,0.07021099364850736
bert,wos5736,bert_bilstm_attention,none,5,0.8330887206190307,0.019971224372704113,0.836909547705423,0.019843495837431707,0.8372463149498722,0.01967515420859828,0.8311570247933884,0.029940290738299232,11.0,2.9154759474226504,0.009461819985881447,0.0010505094771624058,0.008330960001330823,0.0003884059889063065,415.1294121999992,75.54515121099239,321.3625856600003,86.47884748085345,1.6229177599889226,0.055270473126519726
bert,wos5736,bert_cls,df,5,0.8513208007865172,0.015280487092037793,0.8403378530259457,0.013300168085986979,0.8404868649137424,0.015335908725619555,0.877534435261708,0.02267464061800882,10.8,2.4899799195977463,0.07544654000084847,0.006528694184563667,0.08206017999909818,0.009222727494731735,324.8949116799864,50.729747713809985,249.95291576002492,57.41969369530337,1.3312296799966135,0.006094256958220908
bert,wos5736,bert_cls,dfs,5,0.8954729198179193,0.022877911426758192,0.8877268537843619,0.027745461239546895,0.8892677283191117,0.02938782747521526,0.8824380165289256,0.027723700672718753,10.0,2.23606797749979,0.08736030000727624,0.012350052515210755,0.10025401999009773,0.0137732555417681,193.06879823998315,27.64504344744245,149.19216023999033,32.646311236801026,0.6967451199889183,0.02807306785764693
bert,wos5736,bert_cls,ig,5,0.8773714520527988,0.029934266638158204,0.8687088497686352,0.03335543783272118,0.8686968861178348,0.036396835872969165,0.8840771349862259,0.01962159768599128,10.6,3.286335345030997,0.12047621998935938,0.005349249267683959,0.13039890001527965,0.006283464827152655,251.29340626001357,47.27993785354471,191.80857937999536,55.78349245235382,0.934226060018409,0.05462102196243938
bert,wos5736,bert_cls,none,5,0.8149770495531424,0.030320490728974064,0.8170822209294951,0.031026927960530828,0.8171460667132604,0.03164583147953955,0.8262121212121212,0.03982466228630003,13.0,3.7416573867739413,0.009461819985881447,0.0010505094771624058,0.008330960001330823,0.0003884059889063065,386.6656149999937,80.22497573188127,313.6341138000251,90.06188133306017,1.3688665200024843,0.04839080475830449
bert,wos5736,bert_cnn,df,5,0.8773716551035603,0.03075993371237492,0.8718143715558883,0.03520737614446779,0.8695984680668475,0.03765699502347289,0.8990358126721762,0.021247421523571515,10.2,4.43846820423443,0.07544654000084847,0.006528694184563667,0.08206017999909818,0.009222727494731735,323.75972900001796,95.20431304111719,244.7540502599906,106.61720090190113,1.3267888799891807,0.04576641516118843
bert,wos5736,bert_cnn,dfs,5,0.8734829792064599,0.027172840663413536,0.8640404285467536,0.0332785321898227,0.8664482092347705,0.029106018468561125,0.8907438016528926,0.024988215240283728,9.8,6.6105975524153635,0.08736030000727624,0.012350052515210755,0.10025401999009773,0.0137732555417681,203.5838467199821,93.61663531289203,155.6470946599962,107.48969855502953,0.7377481600036845,0.026728037428196003
bert,wos5736,bert_cnn,ig,5,0.888378148540008,0.02638202877408929,0.8827759651408322,0.024704224034612282,0.8842266264697095,0.024583960799747083,0.8940495867768595,0.029408019946661715,8.2,5.357238094391549,0.12047621998935938,0.005349249267683959,0.13039890001527965,0.006283464827152655,222.30833996001166,92.54792938661853,156.8968417200027,103.08023377071862,0.9554652399965562,0.05193904860368758
bert,wos5736,bert_cnn,none,5,0.8370684140199952,0.02995882971700462,0.8399344509074129,0.031637415591566576,0.8405969406087983,0.031048483930210417,0.8460881542699724,0.03745031896901562,10.2,2.9495762407505253,0.009461819985881447,0.0010505094771624058,0.008330960001330823,0.0003884059889063065,337.4222203000216,66.39614940575703,255.26005637999623,74.28494751276557,1.4275147399865091,0.044058184130370784
bert,wos5736,bert_mean,df,5,0.8673920147496074,0.01594019983397348,0.8596124381245008,0.017658870929848525,0.859359994419283,0.020112084187599383,0.8907438016528926,0.017806033976730078,9.8,3.5637059362410923,0.07544654000084847,0.006528694184563667,0.08206017999909818,0.009222727494731735,303.7511608599918,73.73453854526561,226.94817320001312,81.68544913134177,1.305921379989013,0.04389167890216803
bert,wos5736,bert_mean,dfs,5,0.8894929733649433,0.021557718740085413,0.8801415858314431,0.02410439163106573,0.8819882324526593,0.02631843913083387,0.8973553719008265,0.026500461030072007,10.0,2.7386127875258306,0.08736030000727624,0.012350052515210755,0.10025401999009773,0.0137732555417681,193.25416872000787,35.184020778412886,148.53427713999992,39.780642821854606,0.7120524800149723,0.026649106504544842
bert,wos5736,bert_mean,ig,5,0.8783670860807054,0.028622588768879704,0.8717615720247239,0.031236627692581065,0.8733836387591329,0.03455238390175844,0.8956887052341598,0.0252357423986732,10.8,6.260990336999411,0.12047621998935938,0.005349249267683959,0.13039890001527965,0.006283464827152655,255.5793076400063,104.89709978689447,198.91606608000583,120.90276808292458,0.9448803800041787,0.0629947239496216
bert,wos5736,bert_mean,none,5,0.8139720244275143,0.01825489831870294,0.8168100038301456,0.01697495424239872,0.8174038392437601,0.01734463660215601,0.8361845730027548,0.05313349946159941,9.4,4.09878030638384,0.009461819985881447,0.0010505094771624058,0.008330960001330823,0.0003884059889063065,309.5492032600217,87.65498678961482,226.66428366000764,98.78406822968394,1.4150991200003773,0.017259166775770312
classic,wos5736,fasttext_cnn,df,5,0.8602152109640304,0.0229127514168819,0.8508570835235328,0.027182947175839245,0.8483322178480281,0.03136739601147722,0.857603305785124,0.04028830259519905,39.4,16.47118696390761,0.064083039999241,0.010913144120364322,0.06752316000056453,0.011257435468927589,13.35825745999755,4.370535854736277,9.132824240004993,4.176950411020805,0.009897999998065643,0.0036074569635116587
classic,wos5736,fasttext_cnn,dfs,5,0.8904375908890109,0.024017688259149825,0.8832008246813525,0.02565244741763805,0.8839389003618252,0.026983254667657202,0.8857575757575757,0.015927892483218315,45.8,16.084153692376855,0.08095392000104766,0.009360575259575914,0.09284181999391876,0.015019601727287122,11.058285520001665,2.734362178725145,8.278136620001169,3.4141232465129,0.00631684000545647,0.0017609900062453326
classic,wos5736,fasttext_cnn,ig,5,0.8864378969880339,0.023686661327864657,0.8777720858052626,0.029619607771256638,0.8797477555382693,0.030230886169558525,0.8658953168044078,0.033253781173166366,60.4,42.17582245789642,0.10268963999697008,0.019703371351623263,0.10934374000062234,0.024376679314262264,15.028664059998118,7.510174044767337,11.719497360000968,8.141875232819503,0.008228499995311722,0.0010402682526083852
classic,wos5736,fasttext_cnn,none,5,0.8462456739083452,0.023877033906980653,0.833700374544989,0.026365270722483913,0.8349207478950562,0.026860526509862495,0.834366391184573,0.04256761086836522,55.8,19.136352839556444,0.008710020003491081,0.0014354888740612795,0.008401679995586164,0.001546971792689571,16.701151339997885,4.09398587639753,13.275651619999554,5.314756121415059,0.009768999996595085,0.0029195934649170847
classic,wos5736,fasttext_lstm,df,5,0.44999627528759284,0.05320517016199144,0.4518238051419873,0.05446021977027664,0.45287160665421533,0.061047574983400875,0.47856749311294766,0.04704956734035905,47.4,8.905054744357274,0.064083039999241,0.010913144120364322,0.06752316000056453,0.011257435468927589,50.1029444600048,8.163738388974515,36.05869884000276,6.7893215645702805,0.03741304000141099,0.008905720180879768
classic,wos5736,fasttext_lstm,dfs,5,0.7346526048938026,0.036271543397179494,0.7253698164168032,0.04219845618476568,0.7249129164642999,0.041571916999326664,0.7682506887052342,0.04465577696638194,63.6,22.063544592834578,0.08095392000104766,0.009360575259575914,0.09284181999391876,0.015019601727287122,39.36565072000085,9.970286734143745,32.455423959999465,11.175384743603034,0.024544519998016767,0.006962932683587418
classic,wos5736,fasttext_lstm,ig,5,0.6643488168422484,0.04208267431582663,0.6658418831144481,0.03925158682483998,0.6670569628000458,0.04117076726350436,0.6706749311294766,0.08363321154823423,57.4,22.412050330123748,0.10268963999697008,0.019703371351623263,0.10934374000062234,0.024376679314262264,45.568989099998724,13.00848593834963,35.37968727999832,13.63037624249886,0.027737819994217715,0.005686071265815389
classic,wos5736,fasttext_lstm,none,5,0.3617040679824102,0.04397626366309514,0.3510833203696749,0.04088153398917804,0.3586846434198213,0.037662363436307966,0.4221625344352617,0.03843198597336293,17.6,4.979959839195493,0.008710020003491081,0.0014354888740612795,0.008401679995586164,0.001546971792689571,28.42113959999988,3.580644285093145,13.078875379997772,3.9168168951560447,0.036770920001436024,0.01212005252135523
gcn,wos5736,fasttext_residual_word_gcn,df,5,0.6331010051901044,0.024330691231037958,0.63100069296254,0.03332756626158873,0.6333232617185186,0.030385248235178974,0.6623140495867769,0.034073248618667805,89.2,18.294808006644946,0.05403254000702873,0.0024891874891270773,0.06799739998532459,0.011968141727081496,0.8766595199820586,0.1418475537784884,0.4012648199917749,0.07589076679929731,0.0013848999980837107,0.00022503771673397047
gcn,wos5736,fasttext_residual_word_gcn,dfs,5,0.7427944328049826,0.02311314652556586,0.7463953218783924,0.026402697851949906,0.7487330495591366,0.022677465778082932,0.7699035812672176,0.02173571613050324,99.6,21.66333307688362,0.06853673999430612,0.00587685222205978,0.07667534000938758,0.001120876824614599,0.9105980600113981,0.18095227525441865,0.41711072000907734,0.08574502300278082,0.001288039982318878,0.0006312314633393689
gcn,wos5736,fasttext_residual_word_gcn,ig,5,0.6931290541146777,0.08824794757748029,0.6910701185439514,0.09407515239381975,0.6937382235682631,0.09258729305361506,0.7285950413223141,0.06392443117273823,100.2,59.14135608861197,0.0852936000097543,0.004469542665420883,0.0972098400001414,0.004175787924249438,0.9308707599877379,0.40069123054230693,0.4152031000237912,0.23181937999395402,0.0012040600064210593,0.0001657663849000185
gcn,wos5736,fasttext_residual_word_gcn,none,5,0.6221657318082698,0.047743955945033875,0.6274652777438755,0.05356377429951342,0.627824467363993,0.051067761268465565,0.6722865013774104,0.04357565969921786,77.2,47.060599231204016,0.010517360002268106,0.004290397641034221,0.008509599999524654,0.0014771760482244383,2.2366047999938017,0.9452647910089883,1.1463437599828468,0.6928045419032977,0.005622900009620934,0.00013687414125521555
classic,wos5736,fasttext_wa,df,5,0.7757398503490506,0.03188092438661973,0.7706798498577286,0.03893299214482908,0.7682595118978518,0.03562635308742346,0.7798622589531681,0.05505959513252041,78.2,31.61803282938393,0.064083039999241,0.010913144120364322,0.06752316000056453,0.011257435468927589,7.484621039999183,1.2984419265298024,6.007035720002023,1.6278446004340887,0.005346880000433885,0.0013593755325620553
classic,wos5736,fasttext_wa,dfs,5,0.8331393310213465,0.029314756634361276,0.8303733514716056,0.034834895456534246,0.831751315877798,0.036346380471986905,0.8344490358126722,0.023266844001595195,72.8,23.435016535091243,0.08095392000104766,0.009360575259575914,0.09284181999391876,0.015019601727287122,5.5537692800018705,1.2647931034966036,4.530654159997357,1.365238241034749,0.003066479999688454,0.0004367532166425765
classic,wos5736,fasttext_wa,ig,5,0.832103289891892,0.03735513763424992,0.8301070335932075,0.041034990899330694,0.8298525328426514,0.04424291606510729,0.8162396694214876,0.030479093462736483,72.6,15.093044755780724,0.10268963999697008,0.019703371351623263,0.10934374000062234,0.024376679314262264,6.610487839998678,1.5472577688100113,5.476315980000072,1.420825229490844,0.005388540003332309,0.0023573051535332283
classic,wos5736,fasttext_wa,none,5,0.8009566990443796,0.03164116227704411,0.7997035304402776,0.03300908476437262,0.7977073407488428,0.0346006336837092,0.8080165289256198,0.04319278993833256,77.2,39.22626670994832,0.008710020003491081,0.0014354888740612795,0.008401679995586164,0.001546971792689571,7.057832400000189,2.576400604073746,5.592581220003194,2.7666398884343666,0.004404999996768311,0.0011304228726121504
classic,wos5736,random_cnn,df,5,0.8693620640008386,0.012105457175189991,0.8658345595288569,0.019876148205312066,0.8631851086989427,0.01922146542990868,0.8990082644628099,0.01971728325083855,39.2,18.074844397670482,0.064083039999241,0.010913144120364322,0.06752316000056453,0.011257435468927589,13.720820060002733,4.224632005690412,9.003043639997486,4.046533244701791,0.009811819993774406,0.004274155066173631
classic,wos5736,random_cnn,dfs,5,0.8803671360819554,0.01814801011144142,0.8776885514217097,0.02104260060207636,0.8764696107581483,0.022840854619178865,0.9089118457300276,0.033171993600826684,41.8,26.166772823563857,0.08095392000104766,0.009360575259575914,0.09284181999391876,0.015019601727287122,10.533647119998932,4.150893530372751,7.342364839994116,4.631111192131368,0.009468900001957081,0.0034387144396859715
classic,wos5736,random_cnn,ig,5,0.8853724642608451,0.02142301495309763,0.8808098000004421,0.027383689721643026,0.8813687432462136,0.029575675500343672,0.9089256198347108,0.02416843203495437,30.4,16.949926253526886,0.10268963999697008,0.019703371351623263,0.10934374000062234,0.024376679314262264,9.898280719999457,2.812169819052321,5.981501059999573,3.309537076559479,0.009357220001402312,0.0024673226640787513
classic,wos5736,random_cnn,none,5,0.8552611023397413,0.015759975427785348,0.8563641803449723,0.0160467116030096,0.8536923813998912,0.014408607823389706,0.8774242424242424,0.034609764459994405,57.0,30.033314835362415,0.008710020003491081,0.0014354888740612795,0.008401679995586164,0.001546971792689571,17.17627526000433,5.961876076190374,13.255293119998532,6.753472312222144,0.010086159995989875,0.0013134348922761627
classic,wos5736,random_lstm,df,5,0.42594445571799194,0.04892963819374725,0.428566301191643,0.04231443809370283,0.42797821875094605,0.045405900907494176,0.4734986225895317,0.02917666215682413,42.6,14.010710188994704,0.064083039999241,0.010913144120364322,0.06752316000056453,0.011257435468927589,46.89680930000323,11.419120349834603,33.42674576000136,11.983848149562464,0.038112900001578964,0.00416851115435874
classic,wos5736,random_lstm,dfs,5,0.7175147398989543,0.045219548724787596,0.7165919186012303,0.045822785326486655,0.7145605277462984,0.050540294071504045,0.7798209366391184,0.0542831244289216,43.0,20.223748416156685,0.08095392000104766,0.009360575259575914,0.09284181999391876,0.015019601727287122,29.43172525999835,8.678311140128455,20.991129719998572,9.921728158752503,0.022476420001476073,0.0029255906156279033
classic,wos5736,random_lstm,ig,5,0.6079029386902185,0.07556983063204736,0.6043687106570372,0.07372327528527778,0.6023197224382995,0.07460819526932781,0.6522865013774104,0.05475389396952394,33.0,21.988633427296023,0.10268963999697008,0.019703371351623263,0.10934374000062234,0.024376679314262264,32.681827359998714,12.037071848037222,20.790098200002102,13.880021755102646,0.0312571200018283,0.007954341305014894
classic,wos5736,random_lstm,none,5,0.3134694103393194,0.017437060529518364,0.30384168592825034,0.014771739642383605,0.31090388596910334,0.017429128666196475,0.3593526170798898,0.053862922645070345,27.4,17.558473737771173,0.008710020003491081,0.0014354888740612795,0.008401679995586164,0.001546971792689571,34.51409207999823,11.563552854292816,20.192636560002576,12.692196457550708,0.0386339799995767,0.004376913525257392
classic,wos5736,random_wa,df,5,0.7669350363200704,0.04232303674054196,0.770187661322031,0.0380729155695212,0.7680935085994375,0.03901251107873867,0.7831955922865014,0.05431260648631969,114.2,39.245381893924794,0.064083039999241,0.010913144120364322,0.06752316000056453,0.011257435468927589,9.53372974000231,2.8729809651135176,8.69805059999926,3.1258093879406372,0.005463700002292171,0.002315445724078455
classic,wos5736,random_wa,dfs,5,0.7980112193160159,0.04206837589432948,0.8008809729577353,0.03969539028577008,0.7963496240255135,0.045371472093556346,0.8129889807162535,0.03593601613706947,81.6,40.17835238035527,0.08095392000104766,0.009360575259575914,0.09284181999391876,0.015019601727287122,6.186589240000467,2.3769601691269044,5.061055419998593,2.607075267798212,0.003866240003844723,0.0010666217695436677
classic,wos5736,random_wa,ig,5,0.8129772026026538,0.034874001726370056,0.8109327439765136,0.03537081834846188,0.8097424887365599,0.037014201114213996,0.793099173553719,0.02881457433331213,82.4,16.742162345408076,0.10268963999697008,0.019703371351623263,0.10934374000062234,0.024376679314262264,6.840184900001622,0.700101915294584,5.832175059994915,0.7723638026889383,0.004381579998880625,0.0004956468120149327
classic,wos5736,random_wa,none,5,0.7596778244329204,0.0478488894077305,0.758541582619946,0.04766307361632587,0.7552395911071801,0.051870284123915825,0.7616942148760331,0.05325522940569633,79.6,26.425366601052104,0.008710020003491081,0.0014354888740612795,0.008401679995586164,0.001546971792689571,7.308758040005341,1.8107065693229953,5.967690699998639,2.122159691728969,0.004567359999055043,0.0012654967986931059
bert,yelp_review_full,bert_bilstm_attention,df,5,0.49797989949748744,0.04553635090292375,0.49471462586030496,0.055590691881331825,0.49799999999999994,0.04555366531252621,0.515,0.02850438562747844,9.8,6.058052492344384,0.028148459992371498,0.004442548019240339,0.032542520016431806,0.007508055534754761,337.64201152001044,137.27324350628592,252.01752567999065,156.05273713416898,1.5062026599654927,0.05676079185329776
bert,yelp_review_full,bert_bilstm_attention,dfs,5,0.46391959798994975,0.03796084139155199,0.462944959230619,0.04022632658435454,0.46394871794871795,0.037768369095607116,0.505,0.0336443820636439,6.8,2.04939015319192,0.03756934001576155,0.006475257515220506,0.044401600025594234,0.005984490394686409,194.23474762002007,36.77879771303909,121.98469674002845,40.51177662395405,0.960347619978711,0.03395151451973132
bert,yelp_review_full,bert_bilstm_attention,ig,5,0.4829748743718593,0.03134074209552326,0.4812139713889759,0.03185133536672936,0.48294871794871796,0.031057146538032328,0.5016666666666667,0.046172983923983585,6.2,3.5637059362410923,0.047225680015981195,0.00264106936082666,0.0561340200016275,0.010569064394600123,210.7224743400002,69.33450463684413,128.89686422001105,75.1221303272556,1.1871450400445611,0.07507727996970603
bert,yelp_review_full,bert_bilstm_attention,none,5,0.5049949748743718,0.02915678074111191,0.5059346789096582,0.023909849553203116,0.5052820512820513,0.029403644216799682,0.5033333333333333,0.019184774055368895,6.2,1.7888543819998317,0.005399340018630028,0.0007065212618864334,0.006060200021602213,0.0025189318825886687,267.0303697399795,43.124332349857674,165.52855767998844,48.5210753983073,1.5555595800047741,0.05489004301766736
bert,yelp_review_full,bert_cls,df,5,0.4769748743718593,0.036876657679610174,0.4596176769880113,0.04881020613001344,0.4776666666666667,0.03701981629018579,0.48666666666666664,0.0370809924354783,7.6,6.841052550594828,0.028148459992371498,0.004442548019240339,0.032542520016431806,0.007508055534754761,236.35822562002576,127.58880769713505,158.4045289200265,140.2481810845878,1.2803220999892801,0.04148258413003716
bert,yelp_review_full,bert_cls,dfs,5,0.44887437185929646,0.017847133558590713,0.4544756651315654,0.02019169524221767,0.44874358974358974,0.01810540582039256,0.48166666666666663,0.02850438562747844,6.8,2.16794833886788,0.03756934001576155,0.006475257515220506,0.044401600025594234,0.005984490394686409,159.7275913800113,35.091806845270085,102.6404775199946,35.489287587145334,0.8186378800310194,0.041598979482767945
bert,yelp_review_full,bert_cls,ig,5,0.44882914572864324,0.04214869091867415,0.45189013514471515,0.04800936575747895,0.4489230769230769,0.041882831776673526,0.5,0.04208127057650869,7.0,3.391164991562634,0.047225680015981195,0.00264106936082666,0.0561340200016275,0.010569064394600123,184.70718254002276,51.36589948038099,119.5479514400009,58.03159819663942,0.9887454599840566,0.07100415931952597
bert,yelp_review_full,bert_cls,none,5,0.4919899497487437,0.05348440238473327,0.49365307266446584,0.05336989088757652,0.4921794871794872,0.05351485381858194,0.495,0.033124344857253005,8.2,3.03315017762062,0.005399340018630028,0.0007065212618864334,0.006060200021602213,0.0025189318825886687,261.54372791999486,63.29484966513994,183.1385371599812,70.02731704910967,1.3439043799880892,0.048186448735899716
bert,yelp_review_full,bert_cnn,df,5,0.525070351758794,0.040526837527567576,0.5236067408290576,0.04155151415952933,0.5253846153846153,0.04061563956796438,0.5166666666666667,0.03173238794109963,9.4,2.8809720581775866,0.028148459992371498,0.004442548019240339,0.032542520016431806,0.007508055534754761,282.23411703999153,55.003997378876136,206.89922497996594,63.30807732641392,1.308771919994615,0.04449391559484723
bert,yelp_review_full,bert_cnn,dfs,5,0.465964824120603,0.03447361440506695,0.44892430111933396,0.047487730622402115,0.46615384615384614,0.0344472411962918,0.5,0.028867513459481294,6.4,6.58027355054484,0.03756934001576155,0.006475257515220506,0.044401600025594234,0.005984490394686409,167.10949804002885,95.81306278009245,101.831819000002,105.25811340421738,0.8484977399930358,0.03404879627667273
bert,yelp_review_full,bert_cnn,ig,5,0.4629849246231156,0.042917328798331114,0.45169333576918425,0.044204575614365464,0.46302564102564103,0.043123982231746585,0.525,0.028259708263021956,6.2,3.420526275297414,0.047225680015981195,0.00264106936082666,0.0561340200016275,0.010569064394600123,185.36891093999148,48.121833950539916,109.03793786005117,58.42162053133688,1.0180463599972427,0.05819502889226197
bert,yelp_review_full,bert_cnn,none,5,0.5039396984924623,0.04023156187930319,0.49325204543335677,0.03754471811638211,0.503897435897436,0.04076173128895026,0.5233333333333333,0.016029486718059437,7.6,2.3021728866442674,0.005399340018630028,0.0007065212618864334,0.006060200021602213,0.0025189318825886687,258.6969963599928,47.44530511157231,174.8991939800093,53.10083900124463,1.3653723999857903,0.05223595570253165
bert,yelp_review_full,bert_mean,df,5,0.5050201005025126,0.037315142037207066,0.5072644233122388,0.03500809572677396,0.5051025641025642,0.03753952552086081,0.4983333333333333,0.023124061542519347,7.2,2.588435821108957,0.028148459992371498,0.004442548019240339,0.032542520016431806,0.007508055534754761,230.412812879961,47.50092763829258,151.3378728999989,52.6091990619166,1.2628977599786595,0.05433217176469914
bert,yelp_review_full,bert_mean,dfs,5,0.4629497487437186,0.02894705506034681,0.4634557044121395,0.021873216651104636,0.4632051282051282,0.029106093765396916,0.48333333333333334,0.03173238794109965,8.4,2.3021728866442674,0.03756934001576155,0.006475257515220506,0.044401600025594234,0.005984490394686409,181.3793013599934,28.86558119209533,125.36767305999528,34.80210295165598,0.8100977599853649,0.033486163446569996
bert,yelp_review_full,bert_mean,ig,5,0.4879748743718593,0.018839091429116182,0.48367386311647537,0.024324517163700553,0.48833333333333334,0.018621767288915552,0.49666666666666665,0.036132472314464675,7.2,2.7748873851023217,0.047225680015981195,0.00264106936082666,0.0561340200016275,0.010569064394600123,187.3816944199847,42.07140164182717,123.53746995995752,49.24463851698539,1.0217338400194422,0.050568728540312004
bert,yelp_review_full,bert_mean,none,5,0.5180100502512562,0.0308277296918962,0.5161995847134689,0.026042845998849602,0.5183333333333333,0.031050398047930267,0.51,0.027259045389660213,7.0,3.1622776601683795,0.005399340018630028,0.0007065212618864334,0.006060200021602213,0.0025189318825886687,237.6159990399843,63.553408181307766,155.54662107999903,71.09002957855121,1.312109459959902,0.036689568440968
classic,yelp_review_full,fasttext_cnn,df,5,0.4159095477386935,0.04372473820380909,0.41223594300169636,0.03996271885225821,0.4162051282051282,0.04408593902508899,0.45,0.04787135538781689,28.2,7.08519583356734,0.028364239996881223,0.006481451778995805,0.0292589999968186,0.0034560800320421045,10.09717854000046,1.3986605109973251,5.931849559993134,1.4759639627661916,0.008589180003036745,0.001037518555495607
classic,yelp_review_full,fasttext_cnn,dfs,5,0.41784924623115577,0.027089048899668466,0.4165958250327494,0.026044685251079138,0.4180769230769231,0.027392128999001925,0.45166666666666666,0.05633481260385188,34.2,28.32313541965296,0.0362736400013091,0.00937342696359531,0.034102939994772895,0.0039147980839850174,10.342956400004914,5.68344853139106,6.546229420002783,5.651114775265812,0.0074778599955607206,0.0010355482358250126
classic,yelp_review_full,fasttext_cnn,ig,5,0.4268291457286432,0.030275278863953394,0.42735555707675127,0.031038442930357124,0.4268717948717949,0.030086250111294493,0.45,0.024999999999999994,30.0,17.930421077041107,0.03890165999764576,0.004628904363115879,0.04266490000009071,0.007406719492008802,9.879272560001118,3.1074388596050033,5.9332785199949285,3.4180529934750528,0.007564619998447597,0.000750145636084199
classic,yelp_review_full,fasttext_cnn,none,5,0.3757788944723618,0.023249265205977237,0.3752988183060541,0.02565761301911177,0.3761538461538461,0.023079237775651556,0.4,0.01178511301977579,38.2,24.014578905323326,0.005149860001984053,0.001081848837580329,0.004925439998623915,0.0006732508303987355,12.959839679996367,4.746811186001344,8.60917647999886,5.19689402801366,0.007772039994597435,0.000682847646173687
classic,yelp_review_full,fasttext_lstm,df,5,0.3576934673366834,0.038732720088634466,0.35630326868591267,0.0378913076921811,0.3577435897435897,0.03868573545310556,0.38166666666666665,0.05013869652163776,31.8,19.253571097331527,0.028364239996881223,0.006481451778995805,0.0292589999968186,0.0034560800320421045,32.42085936000221,10.287076372905943,20.38629822000221,12.187136240542486,0.02930754000553861,0.0013575540737732277
classic,yelp_review_full,fasttext_lstm,dfs,5,0.43481909547738695,0.04375815659138367,0.4302249471931286,0.048368960116988866,0.435025641025641,0.04366390749672974,0.4716666666666667,0.03800584750330459,14.4,7.05691150575094,0.0362736400013091,0.00937342696359531,0.034102939994772895,0.0039147980839850174,21.290671219999787,2.7562069907430256,8.418205960001796,3.4329405974516862,0.023450019999290816,0.0029271992546980544
classic,yelp_review_full,fasttext_lstm,ig,5,0.4348442211055276,0.03146096575686106,0.4310707199808387,0.043130083923158334,0.43464102564102564,0.0315266550759216,0.44333333333333336,0.04579543888011364,20.6,15.339491516996253,0.03890165999764576,0.004628904363115879,0.04266490000009071,0.007406719492008802,25.39406447999936,7.597441514260263,12.90347120000224,9.881915125845206,0.025668039999436586,0.0029106828858795216
classic,yelp_review_full,fasttext_lstm,none,5,0.33665326633165826,0.01839399685289297,0.3364980711469409,0.019891767888787295,0.3365384615384615,0.018511550847859826,0.38,0.04472135954999579,20.4,10.454664030948102,0.005149860001984053,0.001081848837580329,0.004925439998623915,0.0006732508303987355,27.36794702000043,7.025692170230855,13.863852539999062,7.182026029813452,0.027679340000031517,0.0028400701522316493
gcn,yelp_review_full,fasttext_residual_word_gcn,df,5,0.35867336683417084,0.03983297065716998,0.3416941490127283,0.047157398256022005,0.35905128205128206,0.039737861456501364,0.39166666666666666,0.04124789556921528,49.4,22.578751072634642,0.02379325998481363,0.001188631502055881,0.02534749999176711,0.0005403098313208439,0.5478395599871874,0.17417002353258762,0.21370848000515252,0.10116621342475592,0.0011862800223752857,6.672346957265553e-05
gcn,yelp_review_full,fasttext_residual_word_gcn,dfs,5,0.4328291457286432,0.024375301523478558,0.4254953326453528,0.02488260588743085,0.433025641025641,0.024045657042732257,0.46166666666666667,0.07183120646503315,71.6,47.30010570812712,0.03279046000679955,0.00374637548485847,0.03297044000355527,0.0022514722859654263,0.7054444200010039,0.32337702171138616,0.30111147997668014,0.2017013659521105,0.0010000199894420803,0.00015638593476542575
gcn,yelp_review_full,fasttext_residual_word_gcn,ig,5,0.3987889447236181,0.03373232033399533,0.39043528298290053,0.03289129619868321,0.3991282051282051,0.033473374466269565,0.4116666666666667,0.056703419454013325,46.6,19.667231630303235,0.037539480021223426,0.0019146762526580268,0.0402794599882327,0.0021856551166261453,0.5603356800042093,0.19472750923715032,0.19813232000451536,0.08209682289918571,0.0010677800048142672,0.00023816297246459156
gcn,yelp_review_full,fasttext_residual_word_gcn,none,5,0.4118040201005025,0.019918019018698913,0.4011705035221295,0.01621283242594121,0.41212820512820514,0.019770128683589277,0.41333333333333333,0.04273627134986029,65.2,29.405781744412103,0.005401540000457316,0.0019128820611583846,0.004500039981212467,0.0004228365695826642,1.3105513800051996,0.3829960449269303,0.586696460004896,0.2567855187515444,0.0035348199889995158,0.0008398042631621678
classic,yelp_review_full,fasttext_wa,df,5,0.4358190954773869,0.03706420045924284,0.43020228426687174,0.03999019630300264,0.435974358974359,0.0370678695901185,0.45166666666666666,0.04873397172404481,35.4,25.412595302329905,0.028364239996881223,0.006481451778995805,0.0292589999968186,0.0034560800320421045,3.6031866000004813,1.5262377925844783,2.263333660006174,1.599248258327691,0.003498240001499653,0.0004945833545119478
classic,yelp_review_full,fasttext_wa,dfs,5,0.4418793969849246,0.02578885586334209,0.43951250882790566,0.023042817352452356,0.4420769230769231,0.02631820527684371,0.45666666666666667,0.04141591213263059,33.0,25.475478405713993,0.0362736400013091,0.00937342696359531,0.034102939994772895,0.0039147980839850174,3.4939040199999,2.004187990518057,2.2125423999968916,1.9185764409531463,0.0036558000021614133,0.0008778810696366844
classic,yelp_review_full,fasttext_wa,ig,5,0.44991959798994974,0.009415867278275853,0.45088415184998437,0.007721504003640646,0.45005128205128203,0.009713008689591275,0.4666666666666667,0.03773077140890592,47.4,23.596609926004202,0.03890165999764576,0.004628904363115879,0.04266490000009071,0.007406719492008802,4.351240640002652,1.7100778558485503,3.0689983999996913,1.6982988771482195,0.0034291199990548193,0.0005438282214322247
classic,yelp_review_full,fasttext_wa,none,5,0.4328793969849246,0.01791851570923471,0.4327768272119981,0.021456323736260913,0.432948717948718,0.01791526185951712,0.43333333333333335,0.02700308624336607,37.8,17.527121840165314,0.005149860001984053,0.001081848837580329,0.004925439998623915,0.0006732508303987355,3.9242930600012187,1.237582292449049,2.5270104199997148,1.2574943914438137,0.004349020001245663,0.001602184296791358
classic,yelp_review_full,random_cnn,df,5,0.39680402010050253,0.03939348512810998,0.38973502322737913,0.03930390488282119,0.3966410256410256,0.03949325627567005,0.42666666666666664,0.023863035105460575,23.4,8.988882021697693,0.028364239996881223,0.006481451778995805,0.0292589999968186,0.0034560800320421045,9.30881918000232,1.7538887155292129,5.020129920000909,1.968621561464929,0.007780080003431067,0.0005360084420193785
classic,yelp_review_full,random_cnn,dfs,5,0.43090452261306533,0.02909914402218159,0.42624918068264406,0.026618488224745544,0.43115384615384617,0.029329847829498063,0.45666666666666667,0.046918960867530835,33.8,12.070625501605125,0.0362736400013091,0.00937342696359531,0.034102939994772895,0.0039147980839850174,9.955442940001376,1.7369710128970288,6.381418019995908,2.21981546879538,0.008592699997825548,0.000880800678110169
classic,yelp_review_full,random_cnn,ig,5,0.40988442211055276,0.043228238327209435,0.4053428344180403,0.0485925010784441,0.4097948717948718,0.043361449685972955,0.44,0.04099457958749613,51.0,33.69718089098849,0.03890165999764576,0.004628904363115879,0.04266490000009071,0.007406719492008802,13.970037499998579,6.4641529346227875,10.180663999999524,6.791907604420846,0.008064179998473264,0.0010569751563244104
classic,yelp_review_full,random_cnn,none,5,0.3767638190954774,0.024520034721114865,0.35312103824537633,0.03622973304514092,0.3767948717948718,0.024528257932685746,0.42333333333333334,0.033019354593598255,38.8,15.352524222420234,0.005149860001984053,0.001081848837580329,0.004925439998623915,0.0006732508303987355,13.007463800002006,2.6816081745774754,9.00132856000273,3.4010888674234536,0.009207899999455548,0.0031189173232590737
classic,yelp_review_full,random_lstm,df,5,0.3287085427135678,0.02876850189610028,0.32429285659019413,0.025632621674937472,0.3287948717948718,0.02892107080695049,0.36,0.05316379302578861,28.8,16.330952207388275,0.028364239996881223,0.006481451778995805,0.0292589999968186,0.0034560800320421045,30.798364299998504,8.831992294546536,18.38425736000063,10.058631232383581,0.025413980000303128,0.0016865886809607031
classic,yelp_review_full,random_lstm,dfs,5,0.3667788944723618,0.03767761318461551,0.36393069218623814,0.03708457691499915,0.36705128205128207,0.037799537860388026,0.4166666666666667,0.04714045207910316,19.8,18.102486017119308,0.0362736400013091,0.00937342696359531,0.034102939994772895,0.0039147980839850174,22.2101079199987,7.602276660626236,11.715779040000053,11.066960186483653,0.02731018000340555,0.003966549935580444
classic,yelp_review_full,random_lstm,ig,5,0.3608391959798995,0.07324463131013206,0.3607362634238054,0.07603508148821808,0.360974358974359,0.07340102443360512,0.39666666666666667,0.054198708471697,22.2,22.117866081518805,0.03890165999764576,0.004628904363115879,0.04266490000009071,0.007406719492008802,26.39263458000205,14.1643889377058,14.937899299999117,16.20268048327074,0.02818719999631867,0.0023406792905317237
classic,yelp_review_full,random_lstm,none,5,0.2956130653266332,0.0328582538233868,0.2886699377155003,0.038478280190201636,0.2955897435897436,0.03284599371445584,0.3183333333333333,0.029107081994288304,14.8,9.06642156531451,0.005149860001984053,0.001081848837580329,0.004925439998623915,0.0006732508303987355,25.001661859999878,6.285439916957682,10.117608939998899,6.391825949901028,0.03410748000023887,0.007168083709376332
classic,yelp_review_full,random_wa,df,5,0.4218040201005025,0.025526985311953496,0.41940280605977415,0.02952155637910522,0.4219230769230769,0.025384777259261113,0.42666666666666664,0.0613505410643532,69.4,41.81865612379241,0.028364239996881223,0.006481451778995805,0.0292589999968186,0.0034560800320421045,5.517784480002592,2.382776624145468,4.373863740003435,2.58763339255682,0.003388620002078824,0.0004048448812375375
classic,yelp_review_full,random_wa,dfs,5,0.4418743718592965,0.007471138376356766,0.4381077903480123,0.011238738682037844,0.442,0.007397447007057366,0.445,0.06785400995274093,46.8,18.619881847100963,0.0362736400013091,0.00937342696359531,0.034102939994772895,0.0039147980839850174,4.196362920000683,1.1071934195885584,2.832980399997905,1.05520085082528,0.003072399998200126,0.0005281812275883793
classic,yelp_review_full,random_wa,ig,5,0.44390954773869346,0.03254938867263172,0.4428084319140896,0.0349284035662729,0.444025641025641,0.03227086321675895,0.445,0.036609804394147995,62.6,18.379336223052235,0.03890165999764576,0.004628904363115879,0.04266490000009071,0.007406719492008802,5.08800373999693,1.2502392923454644,3.9386270399962084,1.4429364338845052,0.0034539000014774503,0.0005319856743507866
classic,yelp_review_full,random_wa,none,5,0.4228140703517588,0.02059782843159864,0.4232535228387057,0.021534264115980205,0.4228974358974359,0.02050733099623365,0.42,0.032596012026013234,58.4,12.095453691366851,0.005149860001984053,0.001081848837580329,0.004925439998623915,0.0006732508303987355,5.465394139999989,1.1362644154583932,4.073738859998412,1.0492417046284368,0.0034487400000216438,0.0004803920528158953
bert,yelp_review_polarity,bert_bilstm_attention,df,5,0.875,0.029580398915498105,0.8741117513375324,0.030561382650148836,0.875,0.029580398915498105,0.9016666666666667,0.029697549468675796,6.8,2.16794833886788,0.026263600005768238,0.0007881938715237816,0.027763600018806754,0.000673870423599454,273.11447373998817,52.0987795576144,176.24720972001086,56.51471442644927,1.5381745799910278,0.04923386677671511
bert,yelp_review_polarity,bert_bilstm_attention,dfs,5,0.87,0.018027756377319962,0.8696992426063661,0.017914693006459276,0.87,0.018027756377319962,0.9016666666666666,0.023863035105460593,4.8,2.9495762407505253,0.032284000026993456,0.0029727551140691865,0.03422097999136895,0.0009164497007092936,188.10688322002534,48.81798545485221,103.39822645999956,66.52929199505303,1.228374380012974,0.061713275718760924
bert,yelp_review_polarity,bert_bilstm_attention,ig,5,0.85,0.019685019685029545,0.8491140507410542,0.02017506503113183,0.85,0.019685019685029545,0.9033333333333333,0.013944333775567919,3.8,2.4899799195977463,0.0381335400044918,0.0029166547155357195,0.04283260004594922,0.003278978928632233,167.753482359997,41.35241104484511,79.26535096005537,55.34725505107309,1.1820242800051346,0.05502133926191266
bert,yelp_review_polarity,bert_bilstm_attention,none,5,0.892,0.03290136775272423,0.89135901695784,0.03381414889114743,0.892,0.03290136775272421,0.915,0.010865337342004422,7.2,5.403702434442518,0.006139060016721487,0.0012103804448299308,0.0047859599813818935,9.844118156276095e-05,302.7169868800323,126.21116060964609,197.5399674600223,147.8461409441757,1.6181887600105256,0.023491685531279526
bert,yelp_review_polarity,bert_cls,df,5,0.875,0.03427827300200525,0.8742884770627392,0.03533118870030648,0.875,0.03427827300200525,0.9016666666666666,0.014907119849998578,6.8,4.08656334834051,0.026263600005768238,0.0007881938715237816,0.027763600018806754,0.000673870423599454,226.44714698002207,77.81995096682196,145.4033041199902,87.12444783780334,1.2996660600183532,0.0342043267451984
bert,yelp_review_polarity,bert_cls,dfs,5,0.879,0.020432816741702567,0.8785389167901725,0.02069844069908693,0.879,0.020432816741702567,0.9066666666666667,0.017078251276599312,8.0,4.527692569068709,0.032284000026993456,0.0029727551140691865,0.03422097999136895,0.0009164497007092936,198.56642656000332,69.80218813389135,139.59665479999967,80.83367688063325,1.0210502800066024,0.053154090298741914
bert,yelp_review_polarity,bert_cls,ig,5,0.861,0.019493588689617945,0.8606981549814513,0.019322587858028855,0.861,0.01949358868961789,0.9066666666666666,0.009128709291752735,4.4,1.140175425099138,0.0381335400044918,0.0029166547155357195,0.04283260004594922,0.003278978928632233,143.31540767997504,18.73514598779955,75.97504310000222,22.54738869666989,1.016697659995407,0.05037541517280277
bert,yelp_review_polarity,bert_cls,none,5,0.887,0.03718198488515645,0.8865341177031553,0.03778220221010134,0.887,0.03718198488515645,0.9083333333333333,0.015590239111558109,7.6,4.722287581247038,0.006139060016721487,0.0012103804448299308,0.0047859599813818935,9.844118156276095e-05,255.14100299999117,94.04301675004263,173.1644426200306,107.65244284436751,1.3692196999676525,0.01681819879888084
bert,yelp_review_polarity,bert_cnn,df,5,0.884,0.02678619047195777,0.8835579055476572,0.027108203555811172,0.884,0.026786190471957766,0.9133333333333333,0.025413251136628172,6.0,2.5495097567963922,0.026263600005768238,0.0007881938715237816,0.027763600018806754,0.000673870423599454,218.71083116000517,50.92942654111309,133.85406106002628,56.903536806557945,1.3476499200100078,0.06651971407191835
bert,yelp_review_polarity,bert_cnn,dfs,5,0.876,0.019811612756158968,0.8755721125560543,0.01997368735120525,0.876,0.019811612756158968,0.905,0.01918477405536892,5.4,3.1304951684997055,0.032284000026993456,0.0029727551140691865,0.03422097999136895,0.0009164497007092936,169.6689107200131,48.491041813113895,99.72626253999769,60.271755892374266,1.0553851400036365,0.06214315775145027
bert,yelp_review_polarity,bert_cnn,ig,5,0.875,0.016583123951777013,0.8747601138772546,0.016634039799848194,0.875,0.01658312395177699,0.91,0.019002923751652287,6.0,5.0990195135927845,0.0381335400044918,0.0029166547155357195,0.04283260004594922,0.003278978928632233,174.77593696000986,77.84734877931807,106.1938768999651,84.44839960637172,1.0375489000231028,0.0600956948848925
bert,yelp_review_polarity,bert_cnn,none,5,0.898,0.02564176280991619,0.897933898635117,0.025690754133719948,0.898,0.02564176280991619,0.9116666666666666,0.007453559924999273,3.6,2.073644135332772,0.006139060016721487,0.0012103804448299308,0.0047859599813818935,9.844118156276095e-05,188.98809586002025,36.94008577893939,85.28985743999947,48.87350080083054,1.4149126399774103,0.02646674022488945
bert,yelp_review_polarity,bert_mean,df,5,0.882,0.031741140496207784,0.8814051916419147,0.03268016463568255,0.882,0.03174114049620775,0.9016666666666666,0.021570298509241317,5.0,2.7386127875258306,0.026263600005768238,0.0007881938715237816,0.027763600018806754,0.000673870423599454,195.35202115997672,46.26488256680971,106.81578141998034,58.44227772237883,1.3075603199889883,0.03823504067960957
bert,yelp_review_polarity,bert_mean,dfs,5,0.876,0.017818529681205477,0.8757811705731886,0.01798895854014356,0.876,0.017818529681205453,0.9033333333333333,0.019184774055368902,3.8,2.16794833886788,0.032284000026993456,0.0029727551140691865,0.03422097999136895,0.0009164497007092936,140.64682161998934,26.461761047328515,65.59679016000591,34.92441815227749,1.0334207399981097,0.08076534213913829
bert,yelp_review_polarity,bert_mean,ig,5,0.861,0.017818529681205477,0.860473697447895,0.018210044614314424,0.861,0.017818529681205477,0.9,0.008333333333333304,5.0,2.5495097567963922,0.0381335400044918,0.0029166547155357195,0.04283260004594922,0.003278978928632233,155.37586153997108,35.07561491336972,85.20638994001783,41.43914280196753,1.0181380399968476,0.04889361508534813
bert,yelp_review_polarity,bert_mean,none,5,0.897,0.018907670401189052,0.8968277726578748,0.0189007372652392,0.897,0.018907670401189052,0.9133333333333333,0.007453559924999273,5.4,3.361547262794322,0.006139060016721487,0.0012103804448299308,0.0047859599813818935,9.844118156276095e-05,214.4913940800121,62.70740215209877,123.1995701600099,76.26625468193461,1.3853805400431156,0.024025137363662654
classic,yelp_review_polarity,fasttext_cnn,df,5,0.821,0.03416869912653975,0.8201599856814801,0.034710819237078944,0.821,0.03416869912653975,0.835,0.04141591213263059,23.2,9.628083921528727,0.02242617999727372,0.003972840734615446,0.021787119994405656,0.003613697096984796,9.493735620001098,1.7323788051380031,5.15502171999542,1.9784605005042282,0.007744980001007207,0.0007807893825803337
classic,yelp_review_polarity,fasttext_cnn,dfs,5,0.816,0.019170289512680776,0.815075533034075,0.01967898868769399,0.8160000000000001,0.019170289512680863,0.8516666666666667,0.030844592538869595,9.2,2.16794833886788,0.026663299999199808,0.004192515829038053,0.025578860004316084,0.0017578410728685155,6.228302760003134,0.1982560231357829,1.8654446800035658,0.353561311238318,0.007359260000521317,0.00013291851730388217
classic,yelp_review_polarity,fasttext_cnn,ig,5,0.8089999999999999,0.029240383034426866,0.8077410089457325,0.029760789775440107,0.809,0.02924038303442692,0.85,0.01666666666666665,10.6,5.128352561983234,0.029508079998777248,0.0038112842253820592,0.03196627999423072,0.003591190857059142,6.537493260001066,0.9250855226143514,2.16921558000613,0.9801008639013261,0.009548399996128864,0.004039064534568483
classic,yelp_review_polarity,fasttext_cnn,none,5,0.822,0.019874606914351754,0.8210740972484466,0.019677543985833434,0.822,0.019874606914351754,0.8316666666666667,0.049088921583410446,18.8,15.449919093639293,0.006646859997999854,0.003314006780696558,0.004954080001334659,0.00128298421135817,8.91962918000354,2.921620337439478,4.189711080002598,3.2961208053379836,0.0076477199996588755,0.00024486814716982085
classic,yelp_review_polarity,fasttext_lstm,df,5,0.772,0.023874672772626664,0.7707290136320508,0.024258563237105152,0.772,0.02387467277262662,0.7983333333333333,0.027888667551135848,14.6,17.00882124075622,0.02242617999727372,0.003972840734615446,0.021787119994405656,0.003613697096984796,24.42529501999379,10.74024481279294,10.214846400002717,11.824075297527703,0.02966985999373719,0.0016797578675144442
classic,yelp_review_polarity,fasttext_lstm,dfs,5,0.801,0.03507135583350034,0.7992479138130256,0.036711453731173294,0.801,0.03507135583350037,0.8383333333333334,0.02801289385661934,11.4,5.770615218501403,0.026663299999199808,0.004192515829038053,0.025578860004316084,0.0017578410728685155,21.09834031999635,3.2833332320634154,7.453026679996401,3.6895192480653036,0.02456446000142023,0.005124808340857063
classic,yelp_review_polarity,fasttext_lstm,ig,5,0.8009999999999999,0.03974921382870356,0.8005298512551443,0.03963410405460026,0.8009999999999999,0.03974921382870356,0.8533333333333333,0.016244657241348253,11.8,7.854934754662192,0.029508079998777248,0.0038112842253820592,0.03196627999423072,0.003591190857059142,21.315816519997316,4.443837302336163,7.515243740001461,4.966120103252833,0.027023559997905976,0.0043317614127128395
classic,yelp_review_polarity,fasttext_lstm,none,5,0.8089999999999999,0.037483329627982606,0.80862864690575,0.03770665178266794,0.809,0.03748332962798265,0.8483333333333334,0.03456073558887954,24.0,14.159802258506296,0.006646859997999854,0.003314006780696558,0.004954080001334659,0.00128298421135817,30.634330019998014,8.651259746978779,16.91141761999752,10.034195096649933,0.027833060000557453,0.0034176792003541775
gcn,yelp_review_polarity,fasttext_residual_word_gcn,df,5,0.779,0.01140175425099139,0.7777795923394037,0.012140877910832874,0.779,0.011401754250991337,0.8,0.03864007706456544,80.8,20.33961651555899,0.02104077999247238,0.0027060462237347795,0.024776859988924115,0.006820512081239962,0.7721225600107573,0.14767754293642504,0.3640026399982162,0.11078886794783221,0.0011831800104118884,0.00017057572022327938
gcn,yelp_review_polarity,fasttext_residual_word_gcn,dfs,5,0.8,0.020310096011589885,0.7981301967706327,0.020163118745906407,0.8,0.020310096011589885,0.83,0.020916500663351913,73.4,44.72471352619265,0.023689679999370127,0.0026276949334571916,0.025689800025429577,0.0027413753398658194,0.705216159997508,0.3139845946442963,0.31108122001169247,0.18745786335411438,0.0010331399971619248,0.00017036504201173297
gcn,yelp_review_polarity,fasttext_residual_word_gcn,ig,5,0.795,0.013693063937629165,0.7928570395391299,0.014303038594384806,0.795,0.013693063937629145,0.8416666666666667,0.026352313834736487,68.6,23.22283359110167,0.031028440012596546,0.0037544022493534775,0.030354920006357134,0.0016610145865577817,0.67968318000203,0.16848218903318404,0.3103219599928707,0.10785962175349995,0.0009475600090809166,0.00017545478097010956
gcn,yelp_review_polarity,fasttext_residual_word_gcn,none,5,0.785,0.03391164991562633,0.7842262317116974,0.03392673440717054,0.785,0.03391164991562633,0.805,0.021730674684008827,52.2,30.800974010573107,0.005877019988838583,0.001662399672305279,0.004959200008306653,0.0011267479807691321,1.1047545599984006,0.43000309354220695,0.4816186400013976,0.27827112732803705,0.003294660011306405,0.00010577507595618018
classic,yelp_review_polarity,fasttext_wa,df,5,0.829,0.013874436925511621,0.8287510861181253,0.01414738539258061,0.829,0.013874436925511602,0.85,0.0328083661417159,29.6,5.412947441089743,0.02242617999727372,0.003972840734615446,0.021787119994405656,0.003613697096984796,3.274535700000706,0.31170210272952065,1.8888020799990044,0.3317229287843749,0.003497179996338673,0.00044601932314652926
classic,yelp_review_polarity,fasttext_wa,dfs,5,0.818,0.02307596151842862,0.8175120028843449,0.023352751923589425,0.8180000000000001,0.02307596151842862,0.855,0.02173067468400884,27.4,12.300406497347964,0.026663299999199808,0.004192515829038053,0.025578860004316084,0.0017578410728685155,3.0945077599957584,0.6921562470732261,1.741024839997408,0.7632705312531406,0.0034477199980756266,0.0006169484319264425
classic,yelp_review_polarity,fasttext_wa,ig,5,0.8119999999999999,0.021095023109728953,0.8111433829230875,0.021194915293834528,0.8119999999999999,0.021095023109728963,0.8533333333333333,0.021730674684008845,26.0,14.64581851587681,0.029508079998777248,0.0038112842253820592,0.03196627999423072,0.003591190857059142,2.9722924599976976,0.8794423728969671,1.6853152600000612,0.9324084459095816,0.0038804600015282633,0.0015626819858932924
classic,yelp_review_polarity,fasttext_wa,none,5,0.836,0.018506755523321764,0.835776545228972,0.0186070567183702,0.8360000000000001,0.018506755523321722,0.845,0.03890872509976252,38.0,24.48468909339059,0.006646859997999854,0.003314006780696558,0.004954080001334659,0.00128298421135817,3.935756739997305,1.4482027287457249,2.53059135999647,1.6009097055246069,0.0032060199999250473,0.0004442984253463771
classic,yelp_review_polarity,random_cnn,df,5,0.827,0.027064737205448695,0.8267588734253677,0.027255358135959615,0.827,0.027064737205448733,0.8316666666666667,0.03195048252113469,33.2,14.463747785411636,0.02242617999727372,0.003972840734615446,0.021787119994405656,0.003613697096984796,11.70228151999181,3.409479075232864,7.5496962200035345,3.5523626321804116,0.007580960006453097,0.0005610817245639572
classic,yelp_review_polarity,random_cnn,dfs,5,0.819,0.024596747752497653,0.8174204519556081,0.02671794799658093,0.8190000000000001,0.02459674775249769,0.8583333333333333,0.013176156917368254,32.8,9.444575162494075,0.026663299999199808,0.004192515829038053,0.025578860004316084,0.0017578410728685155,10.396697680003125,1.492948711959156,6.592752840000321,1.7577491960728815,0.007428840000648052,0.0003999087543942846
classic,yelp_review_polarity,random_cnn,ig,5,0.8109999999999999,0.03286335345030994,0.810218459233202,0.033655499691240626,0.811,0.032863353450309975,0.8416666666666667,0.029462782549439487,21.2,16.25423021862309,0.029508079998777248,0.0038112842253820592,0.03196627999423072,0.003591190857059142,8.44816470000078,2.8453942391064784,4.297690539996256,3.1071047892118426,0.006906060001347214,0.00015961195008614324
classic,yelp_review_polarity,random_cnn,none,5,0.798,0.03898717737923583,0.7974016012468406,0.039078011361272785,0.798,0.03898717737923583,0.8266666666666667,0.03603624718406609,47.6,17.401149387324963,0.006646859997999854,0.003314006780696558,0.004954080001334659,0.00128298421135817,14.328928480003379,3.1064130157725125,10.467287039998336,3.5320959793322078,0.00821406000177376,0.001353114506174297
classic,yelp_review_polarity,random_lstm,df,5,0.672,0.03563705936241092,0.6712164690287797,0.03591791333046387,0.672,0.035637059362410906,0.6966666666666667,0.06335525936249403,25.6,22.412050330123748,0.02242617999727372,0.003972840734615446,0.021787119994405656,0.003613697096984796,31.741138660002616,14.312821313834657,17.826006539998343,15.630318372825736,0.029166379998787306,0.003441193350610029
classic,yelp_review_polarity,random_lstm,dfs,5,0.768,0.028416544476765667,0.7673446012575696,0.028246431322548983,0.768,0.028416544476765653,0.7716666666666667,0.04273627134986028,10.8,6.220932405998316,0.026663299999199808,0.004192515829038053,0.025578860004316084,0.0017578410728685155,20.543858339998405,3.4944333207420972,7.067747379999491,4.1118190598584565,0.025949240004410967,0.004454103195826414
classic,yelp_review_polarity,random_lstm,ig,5,0.763,0.032326459750489256,0.7628796122576611,0.032485356832558265,0.763,0.032326459750489256,0.77,0.02251542681017714,9.6,4.979959839195493,0.029508079998777248,0.0038112842253820592,0.03196627999423072,0.003591190857059142,19.833460979996016,2.8925275440550426,6.20681065999961,3.150983871585198,0.02650640000065323,0.005619838182047339
classic,yelp_review_polarity,random_lstm,none,5,0.681,0.05803016456981661,0.6808023479184846,0.058007807588454495,0.681,0.05803016456981661,0.665,0.06982120021884473,31.8,19.485892332659542,0.006646859997999854,0.003314006780696558,0.004954080001334659,0.00128298421135817,35.36035005999729,11.807060258697499,21.95695312000462,13.397400391272877,0.029009959995164536,0.0031981395603879626
classic,yelp_review_polarity,random_wa,df,5,0.814,0.021330729007701506,0.813782789623591,0.021494788369600146,0.814,0.021330729007701506,0.8383333333333334,0.03364438206364394,50.4,16.11831256676703,0.02242617999727372,0.003972840734615446,0.021787119994405656,0.003613697096984796,4.5037371399987025,0.9661452048867717,3.229498040000908,1.0068865778534468,0.003583399998024106,0.0003788272115324999
classic,yelp_review_polarity,random_wa,dfs,5,0.816,0.03416869912653975,0.8157345809672408,0.034437500461658214,0.816,0.03416869912653979,0.8533333333333333,0.021730674684008827,44.2,20.315019074566482,0.026663299999199808,0.004192515829038053,0.025578860004316084,0.0017578410728685155,3.9545277800032634,1.196123247405487,2.7517409000021873,1.2496143407576912,0.0029517399991163982,0.00018243477570622965
classic,yelp_review_polarity,random_wa,ig,5,0.8140000000000001,0.03189827581547314,0.8136440370519097,0.03216217845887866,0.8140000000000001,0.03189827581547314,0.8583333333333334,0.02282177322938193,47.6,11.76010204037363,0.029508079998777248,0.0038112842253820592,0.03196627999423072,0.003591190857059142,4.1940632000070766,0.6514005188073209,2.9955671199975766,0.6718953039500823,0.003740160001325421,0.0010284938311077728
classic,yelp_review_polarity,random_wa,none,5,0.8200000000000001,0.02999999999999997,0.8197287197029675,0.030145120384212108,0.82,0.029999999999999985,0.8383333333333334,0.04510789534241454,45.4,11.349008767288886,0.006646859997999854,0.003314006780696558,0.004954080001334659,0.00128298421135817,4.385826420001104,0.7433758889772408,3.085278079996351,0.7738699357284785,0.0033945599949220195,0.0005247848144701062
